{
  "type": "FeatureCollection",
  "features": [
    {
      "type": "Feature",
      "properties": {
        "name": "Restaurant 1"
      },
      "geometry": {
        "type": "Point",
        "coordinates": [
          13.4102,
          52.5201
        ]
      }
    },
    {
      "type": "Feature",
      "properties": {
        "name": "Restaurant 2"
      },
      "geometry": {
        "type": "Point",
        "coordinates": [
          13.3891,
          52.5123
        ]
      }
    },
    {
      "type": "Feature",
      "properties": {
        "name": "Restaurant 3"
      },
      "geometry": {
        "type": "Point",
        "coordinates": [
          13.4325,
          52.4987
        ]
      }
    },
    {
      "type": "Feature",
      "properties": {
        "name": "Restaurant 4"
      },
      "geometry": {
        "type": "Point",
        "coordinates": [
          13.3756,
          52.5234
        ]
      }
    },
    {
      "type": "Feature",
      "properties": {
        "name": "Restaurant 5"
      },
      "geometry": {
        "type": "Point",
        "coordinates": [
          13.4578,
          52.5102
        ]
      }
    },
    {
      "type": "Feature",
      "properties": {
        "name": "Restaurant 6"
      },
      "geometry": {
        "type": "Point",
        "coordinates": [
          13.4203,
          52.5378
        ]
      }
    },
    {
      "type": "Feature",
      "properties": {
        "name": "Restaurant 7"
      },
      "geometry": {
        "type": "Point",
        "coordinates": [
          13.3957,
          52.5452
        ]
      }
    },
    {
      "type": "Feature",
      "properties": {
        "name": "Restaurant 8"
      },
      "geometry": {
        "type": "Point",
        "coordinates": [
          13.4451,
          52.5019
        ]
      }
    },
    {
      "type": "Feature",
      "properties": {
        "name": "Restaurant 9"
      },
      "geometry": {
        "type": "Point",
        "coordinates": [
          13.4108,
          52.4892
        ]
      }
    },
    {
      "type": "Feature",
      "properties": {
        "name": "Restaurant 10"
      },
      "geometry": {
        "type": "Point",
        "coordinates": [
          13.4286,
          52.5273
        ]
      }
    },
    {
      "type": "Feature",
      "properties": {
        "name": "Restaurant 11"
      },
      "geometry": {
        "type": "Point",
        "coordinates": [
          13.3982,
          52.5331
        ]
      }
    },
    {
      "type": "Feature",
      "properties": {
        "name": "Restaurant 12"
      },
      "geometry": {
        "type": "Point",
        "coordinates": [
          13.4379,
          52.5176
        ]
      }
    },
    {
      "type": "Feature",
      "properties": {
        "name": "Restaurant 13"
      },
      "geometry": {
        "type": "Point",
        "coordinates": [
          13.4123,
          52.5084
        ]
      }
    },
    {
      "type": "Feature",
      "properties": {
        "name": "Restaurant 14"
      },
      "geometry": {
        "type": "Point",
        "coordinates": [
          13.4017,
          52.5259
        ]
      }
    },
    {
      "type": "Feature",
      "properties": {
        "name": "Restaurant 15"
      },
      "geometry": {
        "type": "Point",
        "coordinates": [
          13.4532,
          52.5407
        ]
      }
    },
    {
      "type": "Feature",
      "properties": {
        "name": "Restaurant 16"
      },
      "geometry": {
        "type": "Point",
        "coordinates": [
          13.4265,
          52.5532
        ]
      }
    },
    {
      "type": "Feature",
      "properties": {
        "name": "Restaurant 17"
      },
      "geometry": {
        "type": "Point",
        "coordinates": [
          13.4178,
          52.5611
        ]
      }
    },
    {
      "type": "Feature",
      "properties": {
        "name": "Restaurant 18"
      },
      "geometry": {
        "type": "Point",
        "coordinates": [
          13.3902,
          52.5483
        ]
      }
    },
    {
      "type": "Feature",
      "properties": {
        "name": "Restaurant 19"
      },
      "geometry": {
        "type": "Point",
        "coordinates": [
          13.4641,
          52.5237
        ]
      }
    },
    {
      "type": "Feature",
      "properties": {
        "name": "Restaurant 20"
      },
      "geometry": {
        "type": "Point",
        "coordinates": [
          13.4412,
          52.5128
        ]
      }
    },
    {
      "type": "Feature",
      "properties": {
        "name": "Restaurant 21"
      },
      "geometry": {
        "type": "Point",
        "coordinates": [
          13.4067,
          52.4982
        ]
      }
    },
    {
      "type": "Feature",
      "properties": {
        "name": "Restaurant 22"
      },
      "geometry": {
        "type": "Point",
        "coordinates": [
          13.4209,
          52.5217
        ]
      }
    },
    {
      "type": "Feature",
      "properties": {
        "name": "Restaurant 23"
      },
      "geometry": {
        "type": "Point",
        "coordinates": [
          13.4321,
          52.5345
        ]
      }
    },
    {
      "type": "Feature",
      "properties": {
        "name": "Restaurant 24"
      },
      "geometry": {
        "type": "Point",
        "coordinates": [
          13.4145,
          52.5478
        ]
      }
    },
    {
      "type": "Feature",
      "properties": {
        "name": "Restaurant 25"
      },
      "geometry": {
        "type": "Point",
        "coordinates": [
          13.3998,
          52.5552
        ]
      }
    },
    {
      "type": "Feature",
      "properties": {
        "name": "Restaurant 26"
      },
      "geometry": {
        "type": "Point",
        "coordinates": [
          13.4473,
          52.5617
        ]
      }
    },
    {
      "type": "Feature",
      "properties": {
        "name": "Restaurant 27"
      },
      "geometry": {
        "type": "Point",
        "coordinates": [
          13.4236,
          52.5691
        ]
      }
    },
    {
      "type": "Feature",
      "properties": {
        "name": "Restaurant 28"
      },
      "geometry": {
        "type": "Point",
        "coordinates": [
          13.4105,
          52.5763
        ]
      }
    },
    {
      "type": "Feature",
      "properties": {
        "name": "Restaurant 29"
      },
      "geometry": {
        "type": "Point",
        "coordinates": [
          13.4372,
          52.5837
        ]
      }
    },
    {
      "type": "Feature",
      "properties": {
        "name": "Restaurant 30"
      },
      "geometry": {
        "type": "Point",
        "coordinates": [
          13.3931,
          52.5902
        ]
      }
    },
    {
      "type": "Feature",
      "properties": {
        "name": "Restaurant 31"
      },
      "geometry": {
        "type": "Point",
        "coordinates": [
          13.4567,
          52.5976
        ]
      }
    },
    {
      "type": "Feature",
      "properties": {
        "name": "Restaurant 32"
      },
      "geometry": {
        "type": "Point",
        "coordinates": [
          13.4298,
          52.6041
        ]
      }
    },
    {
      "type": "Feature",
      "properties": {
        "name": "Restaurant 33"
      },
      "geometry": {
        "type": "Point",
        "coordinates": [
          13.4182,
          52.6115
        ]
      }
    },
    {
      "type": "Feature",
      "properties": {
        "name": "Restaurant 34"
      },
      "geometry": {
        "type": "Point",
        "coordinates": [
          13.4056,
          52.6189
        ]
      }
    },
    {
      "type": "Feature",
      "properties": {
        "name": "Restaurant 35"
      },
      "geometry": {
        "type": "Point",
        "coordinates": [
          13.4423,
          52.6263
        ]
      }
    },
    {
      "type": "Feature",
      "properties": {
        "name": "Restaurant 36"
      },
      "geometry": {
        "type": "Point",
        "coordinates": [
          13.3954,
          52.6337
        ]
      }
    },
    {
      "type": "Feature",
      "properties": {
        "name": "Restaurant 37"
      },
      "geometry": {
        "type": "Point",
        "coordinates": [
          13.4536,
          52.6411
        ]
      }
    },
    {
      "type": "Feature",
      "properties": {
        "name": "Restaurant 38"
      },
      "geometry": {
        "type": "Point",
        "coordinates": [
          13.4267,
          52.6485
        ]
      }
    },
    {
      "type": "Feature",
      "properties": {
        "name": "Restaurant 39"
      },
      "geometry": {
        "type": "Point",
        "coordinates": [
          13.4132,
          52.6559
        ]
      }
    },
    {
      "type": "Feature",
      "properties": {
        "name": "Restaurant 40"
      },
      "geometry": {
        "type": "Point",
        "coordinates": [
          13.4001,
          52.6633
        ]
      }
    },
    {
      "type": "Feature",
      "properties": {
        "name": "Restaurant 41"
      },
      "geometry": {
        "type": "Point",
        "coordinates": [
          13.4478,
          52.6707
        ]
      }
    },
    {
      "type": "Feature",
      "properties": {
        "name": "Restaurant 42"
      },
      "geometry": {
        "type": "Point",
        "coordinates": [
          13.4204,
          52.6781
        ]
      }
    },
    {
      "type": "Feature",
      "properties": {
        "name": "Restaurant 43"
      },
      "geometry": {
        "type": "Point",
        "coordinates": [
          13.4109,
          52.6855
        ]
      }
    },
    {
      "type": "Feature",
      "properties": {
        "name": "Restaurant 44"
      },
      "geometry": {
        "type": "Point",
        "coordinates": [
          13.4375,
          52.6929
        ]
      }
    },
    {
      "type": "Feature",
      "properties": {
        "name": "Restaurant 45"
      },
      "geometry": {
        "type": "Point",
        "coordinates": [
          13.3934,
          52.7003
        ]
      }
    },
    {
      "type": "Feature",
      "properties": {
        "name": "Restaurant 46"
      },
      "geometry": {
        "type": "Point",
        "coordinates": [
          13.4569,
          52.7077
        ]
      }
    },
    {
      "type": "Feature",
      "properties": {
        "name": "Restaurant 47"
      },
      "geometry": {
        "type": "Point",
        "coordinates": [
          13.4299,
          52.7151
        ]
      }
    },
    {
      "type": "Feature",
      "properties": {
        "name": "Restaurant 48"
      },
      "geometry": {
        "type": "Point",
        "coordinates": [
          13.4183,
          52.7225
        ]
      }
    },
    {
      "type": "Feature",
      "properties": {
        "name": "Restaurant 49"
      },
      "geometry": {
        "type": "Point",
        "coordinates": [
          13.4057,
          52.7299
        ]
      }
    },
    {
      "type": "Feature",
      "properties": {
        "name": "Restaurant 50"
      },
      "geometry": {
        "type": "Point",
        "coordinates": [
          13.4424,
          52.7373
        ]
      }
    },
    {
      "type": "Feature",
      "properties": {
        "name": "Restaurant 51"
      },
      "geometry": {
        "type": "Point",
        "coordinates": [
          13.3955,
          52.7447
        ]
      }
    },
    {
      "type": "Feature",
      "properties": {
        "name": "Restaurant 52"
      },
      "geometry": {
        "type": "Point",
        "coordinates": [
          13.4537,
          52.7521
        ]
      }
    },
    {
      "type": "Feature",
      "properties": {
        "name": "Restaurant 53"
      },
      "geometry": {
        "type": "Point",
        "coordinates": [
          13.4268,
          52.7595
        ]
      }
    },
    {
      "type": "Feature",
      "properties": {
        "name": "Restaurant 54"
      },
      "geometry": {
        "type": "Point",
        "coordinates": [
          13.4133,
          52.7669
        ]
      }
    },
    {
      "type": "Feature",
      "properties": {
        "name": "Restaurant 55"
      },
      "geometry": {
        "type": "Point",
        "coordinates": [
          13.4002,
          52.7743
        ]
      }
    },
    {
      "type": "Feature",
      "properties": {
        "name": "Restaurant 56"
      },
      "geometry": {
        "type": "Point",
        "coordinates": [
          13.4479,
          52.7817
        ]
      }
    },
    {
      "type": "Feature",
      "properties": {
        "name": "Restaurant 57"
      },
      "geometry": {
        "type": "Point",
        "coordinates": [
          13.4205,
          52.7891
        ]
      }
    },
    {
      "type": "Feature",
      "properties": {
        "name": "Restaurant 58"
      },
      "geometry": {
        "type": "Point",
        "coordinates": [
          13.411,
          52.7965
        ]
      }
    },
    {
      "type": "Feature",
      "properties": {
        "name": "Restaurant 59"
      },
      "geometry": {
        "type": "Point",
        "coordinates": [
          13.4376,
          52.8039
        ]
      }
    },
    {
      "type": "Feature",
      "properties": {
        "name": "Restaurant 60"
      },
      "geometry": {
        "type": "Point",
        "coordinates": [
          13.3935,
          52.8113
        ]
      }
    },
    {
      "type": "Feature",
      "properties": {
        "name": "Restaurant 61"
      },
      "geometry": {
        "type": "Point",
        "coordinates": [
          13.457,
          52.8187
        ]
      }
    },
    {
      "type": "Feature",
      "properties": {
        "name": "Restaurant 62"
      },
      "geometry": {
        "type": "Point",
        "coordinates": [
          13.43,
          52.8261
        ]
      }
    },
    {
      "type": "Feature",
      "properties": {
        "name": "Restaurant 63"
      },
      "geometry": {
        "type": "Point",
        "coordinates": [
          13.4184,
          52.8335
        ]
      }
    },
    {
      "type": "Feature",
      "properties": {
        "name": "Restaurant 64"
      },
      "geometry": {
        "type": "Point",
        "coordinates": [
          13.4058,
          52.8409
        ]
      }
    },
    {
      "type": "Feature",
      "properties": {
        "name": "Restaurant 65"
      },
      "geometry": {
        "type": "Point",
        "coordinates": [
          13.4425,
          52.8483
        ]
      }
    },
    {
      "type": "Feature",
      "properties": {
        "name": "Restaurant 66"
      },
      "geometry": {
        "type": "Point",
        "coordinates": [
          13.3956,
          52.8557
        ]
      }
    },
    {
      "type": "Feature",
      "properties": {
        "name": "Restaurant 67"
      },
      "geometry": {
        "type": "Point",
        "coordinates": [
          13.4538,
          52.8631
        ]
      }
    },
    {
      "type": "Feature",
      "properties": {
        "name": "Restaurant 68"
      },
      "geometry": {
        "type": "Point",
        "coordinates": [
          13.4269,
          52.8705
        ]
      }
    },
    {
      "type": "Feature",
      "properties": {
        "name": "Restaurant 69"
      },
      "geometry": {
        "type": "Point",
        "coordinates": [
          13.4134,
          52.8779
        ]
      }
    },
    {
      "type": "Feature",
      "properties": {
        "name": "Restaurant 70"
      },
      "geometry": {
        "type": "Point",
        "coordinates": [
          13.4003,
          52.8853
        ]
      }
    },
    {
      "type": "Feature",
      "properties": {
        "name": "Restaurant 71"
      },
      "geometry": {
        "type": "Point",
        "coordinates": [
          13.448,
          52.8927
        ]
      }
    },
    {
      "type": "Feature",
      "properties": {
        "name": "Restaurant 72"
      },
      "geometry": {
        "type": "Point",
        "coordinates": [
          13.4206,
          52.9001
        ]
      }
    },
    {
      "type": "Feature",
      "properties": {
        "name": "Restaurant 73"
      },
      "geometry": {
        "type": "Point",
        "coordinates": [
          13.4111,
          52.9075
        ]
      }
    },
    {
      "type": "Feature",
      "properties": {
        "name": "Restaurant 74"
      },
      "geometry": {
        "type": "Point",
        "coordinates": [
          13.4377,
          52.9149
        ]
      }
    },
    {
      "type": "Feature",
      "properties": {
        "name": "Restaurant 75"
      },
      "geometry": {
        "type": "Point",
        "coordinates": [
          13.3936,
          52.9223
        ]
      }
    },
    {
      "type": "Feature",
      "properties": {
        "name": "Restaurant 76"
      },
      "geometry": {
        "type": "Point",
        "coordinates": [
          13.4571,
          52.9297
        ]
      }
    },
    {
      "type": "Feature",
      "properties": {
        "name": "Restaurant 77"
      },
      "geometry": {
        "type": "Point",
        "coordinates": [
          13.4301,
          52.9371
        ]
      }
    },
    {
      "type": "Feature",
      "properties": {
        "name": "Restaurant 78"
      },
      "geometry": {
        "type": "Point",
        "coordinates": [
          13.4185,
          52.9445
        ]
      }
    },
    {
      "type": "Feature",
      "properties": {
        "name": "Restaurant 79"
      },
      "geometry": {
        "type": "Point",
        "coordinates": [
          13.4059,
          52.9519
        ]
      }
    },
    {
      "type": "Feature",
      "properties": {
        "name": "Restaurant 80"
      },
      "geometry": {
        "type": "Point",
        "coordinates": [
          13.4426,
          52.9593
        ]
      }
    },
    {
      "type": "Feature",
      "properties": {
        "name": "Restaurant 81"
      },
      "geometry": {
        "type": "Point",
        "coordinates": [
          13.3957,
          52.9667
        ]
      }
    },
    {
      "type": "Feature",
      "properties": {
        "name": "Restaurant 82"
      },
      "geometry": {
        "type": "Point",
        "coordinates": [
          13.4539,
          52.9741
        ]
      }
    },
    {
      "type": "Feature",
      "properties": {
        "name": "Restaurant 83"
      },
      "geometry": {
        "type": "Point",
        "coordinates": [
          13.427,
          52.9815
        ]
      }
    },
    {
      "type": "Feature",
      "properties": {
        "name": "Restaurant 84"
      },
      "geometry": {
        "type": "Point",
        "coordinates": [
          13.4135,
          52.9889
        ]
      }
    },
    {
      "type": "Feature",
      "properties": {
        "name": "Restaurant 85"
      },
      "geometry": {
        "type": "Point",
        "coordinates": [
          13.4004,
          52.9963
        ]
      }
    },
    {
      "type": "Feature",
      "properties": {
        "name": "Restaurant 86"
      },
      "geometry": {
        "type": "Point",
        "coordinates": [
          13.4481,
          53.0037
        ]
      }
    },
    {
      "type": "Feature",
      "properties": {
        "name": "Restaurant 87"
      },
      "geometry": {
        "type": "Point",
        "coordinates": [
          13.4207,
          53.0111
        ]
      }
    },
    {
      "type": "Feature",
      "properties": {
        "name": "Restaurant 88"
      },
      "geometry": {
        "type": "Point",
        "coordinates": [
          13.4112,
          53.0185
        ]
      }
    },
    {
      "type": "Feature",
      "properties": {
        "name": "Restaurant 89"
      },
      "geometry": {
        "type": "Point",
        "coordinates": [
          13.4378,
          53.0259
        ]
      }
    },
    {
      "type": "Feature",
      "properties": {
        "name": "Restaurant 90"
      },
      "geometry": {
        "type": "Point",
        "coordinates": [
          13.3937,
          53.0333
        ]
      }
    },
    {
      "type": "Feature",
      "properties": {
        "name": "Restaurant 91"
      },
      "geometry": {
        "type": "Point",
        "coordinates": [
          13.4572,
          53.0407
        ]
      }
    },
    {
      "type": "Feature",
      "properties": {
        "name": "Restaurant 92"
      },
      "geometry": {
        "type": "Point",
        "coordinates": [
          13.4302,
          53.0481
        ]
      }
    },
    {
      "type": "Feature",
      "properties": {
        "name": "Restaurant 93"
      },
      "geometry": {
        "type": "Point",
        "coordinates": [
          13.4186,
          53.0555
        ]
      }
    },
    {
      "type": "Feature",
      "properties": {
        "name": "Restaurant 94"
      },
      "geometry": {
        "type": "Point",
        "coordinates": [
          13.406,
          53.0629
        ]
      }
    },
    {
      "type": "Feature",
      "properties": {
        "name": "Restaurant 95"
      },
      "geometry": {
        "type": "Point",
        "coordinates": [
          13.4427,
          53.0703
        ]
      }
    },
    {
      "type": "Feature",
      "properties": {
        "name": "Restaurant 96"
      },
      "geometry": {
        "type": "Point",
        "coordinates": [
          13.3958,
          53.0777
        ]
      }
    },
    {
      "type": "Feature",
      "properties": {
        "name": "Restaurant 97"
      },
      "geometry": {
        "type": "Point",
        "coordinates": [
          13.454,
          53.0851
        ]
      }
    },
    {
      "type": "Feature",
      "properties": {
        "name": "Restaurant 98"
      },
      "geometry": {
        "type": "Point",
        "coordinates": [
          13.4271,
          53.0925
        ]
      }
    },
    {
      "type": "Feature",
      "properties": {
        "name": "Restaurant 99"
      },
      "geometry": {
        "type": "Point",
        "coordinates": [
          13.4136,
          53.0999
        ]
      }
    },
    {
      "type": "Feature",
      "properties": {
        "name": "Restaurant 100"
      },
      "geometry": {
        "type": "Point",
        "coordinates": [
          13.4005,
          53.1073
        ]
      }
    },
    {
      "type": "Feature",
      "properties": {
        "name": "Restaurant 101"
      },
      "geometry": {
        "type": "Point",
        "coordinates": [
          13.4482,
          53.1147
        ]
      }
    },
    {
      "type": "Feature",
      "properties": {
        "name": "Restaurant 102"
      },
      "geometry": {
        "type": "Point",
        "coordinates": [
          13.4208,
          53.1221
        ]
      }
    },
    {
      "type": "Feature",
      "properties": {
        "name": "Restaurant 103"
      },
      "geometry": {
        "type": "Point",
        "coordinates": [
          13.4113,
          53.1295
        ]
      }
    },
    {
      "type": "Feature",
      "properties": {
        "name": "Restaurant 104"
      },
      "geometry": {
        "type": "Point",
        "coordinates": [
          13.4379,
          53.1369
        ]
      }
    },
    {
      "type": "Feature",
      "properties": {
        "name": "Restaurant 105"
      },
      "geometry": {
        "type": "Point",
        "coordinates": [
          13.3938,
          53.1443
        ]
      }
    },
    {
      "type": "Feature",
      "properties": {
        "name": "Restaurant 106"
      },
      "geometry": {
        "type": "Point",
        "coordinates": [
          13.4573,
          53.1517
        ]
      }
    },
    {
      "type": "Feature",
      "properties": {
        "name": "Restaurant 107"
      },
      "geometry": {
        "type": "Point",
        "coordinates": [
          13.4303,
          53.1591
        ]
      }
    },
    {
      "type": "Feature",
      "properties": {
        "name": "Restaurant 108"
      },
      "geometry": {
        "type": "Point",
        "coordinates": [
          13.4187,
          53.1665
        ]
      }
    },
    {
      "type": "Feature",
      "properties": {
        "name": "Restaurant 109"
      },
      "geometry": {
        "type": "Point",
        "coordinates": [
          13.4061,
          53.1739
        ]
      }
    },
    {
      "type": "Feature",
      "properties": {
        "name": "Restaurant 110"
      },
      "geometry": {
        "type": "Point",
        "coordinates": [
          13.4428,
          53.1813
        ]
      }
    },
    {
      "type": "Feature",
      "properties": {
        "name": "Restaurant 111"
      },
      "geometry": {
        "type": "Point",
        "coordinates": [
          13.3959,
          53.1887
        ]
      }
    },
    {
      "type": "Feature",
      "properties": {
        "name": "Restaurant 112"
      },
      "geometry": {
        "type": "Point",
        "coordinates": [
          13.4541,
          53.1961
        ]
      }
    },
    {
      "type": "Feature",
      "properties": {
        "name": "Restaurant 113"
      },
      "geometry": {
        "type": "Point",
        "coordinates": [
          13.4272,
          53.2035
        ]
      }
    },
    {
      "type": "Feature",
      "properties": {
        "name": "Restaurant 114"
      },
      "geometry": {
        "type": "Point",
        "coordinates": [
          13.4137,
          53.2109
        ]
      }
    },
    {
      "type": "Feature",
      "properties": {
        "name": "Restaurant 115"
      },
      "geometry": {
        "type": "Point",
        "coordinates": [
          13.4006,
          53.2183
        ]
      }
    },
    {
      "type": "Feature",
      "properties": {
        "name": "Restaurant 116"
      },
      "geometry": {
        "type": "Point",
        "coordinates": [
          13.4483,
          53.2257
        ]
      }
    },
    {
      "type": "Feature",
      "properties": {
        "name": "Restaurant 117"
      },
      "geometry": {
        "type": "Point",
        "coordinates": [
          13.4209,
          53.2331
        ]
      }
    },
    {
      "type": "Feature",
      "properties": {
        "name": "Restaurant 118"
      },
      "geometry": {
        "type": "Point",
        "coordinates": [
          13.4114,
          53.2405
        ]
      }
    },
    {
      "type": "Feature",
      "properties": {
        "name": "Restaurant 119"
      },
      "geometry": {
        "type": "Point",
        "coordinates": [
          13.438,
          53.2479
        ]
      }
    },
    {
      "type": "Feature",
      "properties": {
        "name": "Restaurant 120"
      },
      "geometry": {
        "type": "Point",
        "coordinates": [
          13.3939,
          53.2553
        ]
      }
    },
    {
      "type": "Feature",
      "properties": {
        "name": "Restaurant 121"
      },
      "geometry": {
        "type": "Point",
        "coordinates": [
          13.4574,
          53.2627
        ]
      }
    },
    {
      "type": "Feature",
      "properties": {
        "name": "Restaurant 122"
      },
      "geometry": {
        "type": "Point",
        "coordinates": [
          13.4304,
          53.2701
        ]
      }
    },
    {
      "type": "Feature",
      "properties": {
        "name": "Restaurant 123"
      },
      "geometry": {
        "type": "Point",
        "coordinates": [
          13.4188,
          53.2775
        ]
      }
    },
    {
      "type": "Feature",
      "properties": {
        "name": "Restaurant 124"
      },
      "geometry": {
        "type": "Point",
        "coordinates": [
          13.4062,
          53.2849
        ]
      }
    },
    {
      "type": "Feature",
      "properties": {
        "name": "Restaurant 125"
      },
      "geometry": {
        "type": "Point",
        "coordinates": [
          13.4429,
          53.2923
        ]
      }
    },
    {
      "type": "Feature",
      "properties": {
        "name": "Restaurant 126"
      },
      "geometry": {
        "type": "Point",
        "coordinates": [
          13.396,
          53.2997
        ]
      }
    },
    {
      "type": "Feature",
      "properties": {
        "name": "Restaurant 127"
      },
      "geometry": {
        "type": "Point",
        "coordinates": [
          13.4542,
          53.3071
        ]
      }
    },
    {
      "type": "Feature",
      "properties": {
        "name": "Restaurant 128"
      },
      "geometry": {
        "type": "Point",
        "coordinates": [
          13.4273,
          53.3145
        ]
      }
    },
    {
      "type": "Feature",
      "properties": {
        "name": "Restaurant 129"
      },
      "geometry": {
        "type": "Point",
        "coordinates": [
          13.4138,
          53.3219
        ]
      }
    },
    {
      "type": "Feature",
      "properties": {
        "name": "Restaurant 130"
      },
      "geometry": {
        "type": "Point",
        "coordinates": [
          13.4007,
          53.3293
        ]
      }
    },
    {
      "type": "Feature",
      "properties": {
        "name": "Restaurant 131"
      },
      "geometry": {
        "type": "Point",
        "coordinates": [
          13.4484,
          53.3367
        ]
      }
    },
    {
      "type": "Feature",
      "properties": {
        "name": "Restaurant 132"
      },
      "geometry": {
        "type": "Point",
        "coordinates": [
          13.421,
          53.3441
        ]
      }
    },
    {
      "type": "Feature",
      "properties": {
        "name": "Restaurant 133"
      },
      "geometry": {
        "type": "Point",
        "coordinates": [
          13.4115,
          53.3515
        ]
      }
    },
    {
      "type": "Feature",
      "properties": {
        "name": "Restaurant 134"
      },
      "geometry": {
        "type": "Point",
        "coordinates": [
          13.4381,
          53.3589
        ]
      }
    },
    {
      "type": "Feature",
      "properties": {
        "name": "Restaurant 135"
      },
      "geometry": {
        "type": "Point",
        "coordinates": [
          13.394,
          53.3663
        ]
      }
    },
    {
      "type": "Feature",
      "properties": {
        "name": "Restaurant 136"
      },
      "geometry": {
        "type": "Point",
        "coordinates": [
          13.4575,
          53.3737
        ]
      }
    },
    {
      "type": "Feature",
      "properties": {
        "name": "Restaurant 137"
      },
      "geometry": {
        "type": "Point",
        "coordinates": [
          13.4305,
          53.3811
        ]
      }
    },
    {
      "type": "Feature",
      "properties": {
        "name": "Restaurant 138"
      },
      "geometry": {
        "type": "Point",
        "coordinates": [
          13.4189,
          53.3885
        ]
      }
    },
    {
      "type": "Feature",
      "properties": {
        "name": "Restaurant 139"
      },
      "geometry": {
        "type": "Point",
        "coordinates": [
          13.4063,
          53.3959
        ]
      }
    },
    {
      "type": "Feature",
      "properties": {
        "name": "Restaurant 140"
      },
      "geometry": {
        "type": "Point",
        "coordinates": [
          13.443,
          53.4033
        ]
      }
    },
    {
      "type": "Feature",
      "properties": {
        "name": "Restaurant 141"
      },
      "geometry": {
        "type": "Point",
        "coordinates": [
          13.3961,
          53.4107
        ]
      }
    },
    {
      "type": "Feature",
      "properties": {
        "name": "Restaurant 142"
      },
      "geometry": {
        "type": "Point",
        "coordinates": [
          13.4543,
          53.4181
        ]
      }
    },
    {
      "type": "Feature",
      "properties": {
        "name": "Restaurant 143"
      },
      "geometry": {
        "type": "Point",
        "coordinates": [
          13.4274,
          53.4255
        ]
      }
    },
    {
      "type": "Feature",
      "properties": {
        "name": "Restaurant 144"
      },
      "geometry": {
        "type": "Point",
        "coordinates": [
          13.4139,
          53.4329
        ]
      }
    },
    {
      "type": "Feature",
      "properties": {
        "name": "Restaurant 145"
      },
      "geometry": {
        "type": "Point",
        "coordinates": [
          13.4008,
          53.4403
        ]
      }
    },
    {
      "type": "Feature",
      "properties": {
        "name": "Restaurant 146"
      },
      "geometry": {
        "type": "Point",
        "coordinates": [
          13.4485,
          53.4477
        ]
      }
    },
    {
      "type": "Feature",
      "properties": {
        "name": "Restaurant 147"
      },
      "geometry": {
        "type": "Point",
        "coordinates": [
          13.4211,
          53.4551
        ]
      }
    },
    {
      "type": "Feature",
      "properties": {
        "name": "Restaurant 148"
      },
      "geometry": {
        "type": "Point",
        "coordinates": [
          13.4116,
          53.4625
        ]
      }
    },
    {
      "type": "Feature",
      "properties": {
        "name": "Restaurant 149"
      },
      "geometry": {
        "type": "Point",
        "coordinates": [
          13.4382,
          53.4699
        ]
      }
    },
    {
      "type": "Feature",
      "properties": {
        "name": "Restaurant 150"
      },
      "geometry": {
        "type": "Point",
        "coordinates": [
          13.3941,
          53.4773
        ]
      }
    },
    {
      "type": "Feature",
      "properties": {
        "name": "Restaurant 151"
      },
      "geometry": {
        "type": "Point",
        "coordinates": [
          13.4576,
          53.4847
        ]
      }
    },
    {
      "type": "Feature",
      "properties": {
        "name": "Restaurant 152"
      },
      "geometry": {
        "type": "Point",
        "coordinates": [
          13.4306,
          53.4921
        ]
      }
    },
    {
      "type": "Feature",
      "properties": {
        "name": "Restaurant 153"
      },
      "geometry": {
        "type": "Point",
        "coordinates": [
          13.419,
          53.4995
        ]
      }
    },
    {
      "type": "Feature",
      "properties": {
        "name": "Restaurant 154"
      },
      "geometry": {
        "type": "Point",
        "coordinates": [
          13.4064,
          53.5069
        ]
      }
    },
    {
      "type": "Feature",
      "properties": {
        "name": "Restaurant 155"
      },
      "geometry": {
        "type": "Point",
        "coordinates": [
          13.4431,
          53.5143
        ]
      }
    },
    {
      "type": "Feature",
      "properties": {
        "name": "Restaurant 156"
      },
      "geometry": {
        "type": "Point",
        "coordinates": [
          13.3962,
          53.5217
        ]
      }
    },
    {
      "type": "Feature",
      "properties": {
        "name": "Restaurant 157"
      },
      "geometry": {
        "type": "Point",
        "coordinates": [
          13.4544,
          53.5291
        ]
      }
    },
    {
      "type": "Feature",
      "properties": {
        "name": "Restaurant 158"
      },
      "geometry": {
        "type": "Point",
        "coordinates": [
          13.4275,
          53.5365
        ]
      }
    },
    {
      "type": "Feature",
      "properties": {
        "name": "Restaurant 159"
      },
      "geometry": {
        "type": "Point",
        "coordinates": [
          13.414,
          53.5439
        ]
      }
    },
    {
      "type": "Feature",
      "properties": {
        "name": "Restaurant 160"
      },
      "geometry": {
        "type": "Point",
        "coordinates": [
          13.4009,
          53.5513
        ]
      }
    },
    {
      "type": "Feature",
      "properties": {
        "name": "Restaurant 161"
      },
      "geometry": {
        "type": "Point",
        "coordinates": [
          13.4486,
          53.5587
        ]
      }
    },
    {
      "type": "Feature",
      "properties": {
        "name": "Restaurant 162"
      },
      "geometry": {
        "type": "Point",
        "coordinates": [
          13.4212,
          53.5661
        ]
      }
    },
    {
      "type": "Feature",
      "properties": {
        "name": "Restaurant 163"
      },
      "geometry": {
        "type": "Point",
        "coordinates": [
          13.4117,
          53.5735
        ]
      }
    },
    {
      "type": "Feature",
      "properties": {
        "name": "Restaurant 164"
      },
      "geometry": {
        "type": "Point",
        "coordinates": [
          13.4383,
          53.5809
        ]
      }
    },
    {
      "type": "Feature",
      "properties": {
        "name": "Restaurant 165"
      },
      "geometry": {
        "type": "Point",
        "coordinates": [
          13.3942,
          53.5883
        ]
      }
    },
    {
      "type": "Feature",
      "properties": {
        "name": "Restaurant 166"
      },
      "geometry": {
        "type": "Point",
        "coordinates": [
          13.4577,
          53.5957
        ]
      }
    },
    {
      "type": "Feature",
      "properties": {
        "name": "Restaurant 167"
      },
      "geometry": {
        "type": "Point",
        "coordinates": [
          13.4307,
          53.6031
        ]
      }
    },
    {
      "type": "Feature",
      "properties": {
        "name": "Restaurant 168"
      },
      "geometry": {
        "type": "Point",
        "coordinates": [
          13.4191,
          53.6105
        ]
      }
    },
    {
      "type": "Feature",
      "properties": {
        "name": "Restaurant 169"
      },
      "geometry": {
        "type": "Point",
        "coordinates": [
          13.4065,
          53.6179
        ]
      }
    },
    {
      "type": "Feature",
      "properties": {
        "name": "Restaurant 170"
      },
      "geometry": {
        "type": "Point",
        "coordinates": [
          13.4432,
          53.6253
        ]
      }
    },
    {
      "type": "Feature",
      "properties": {
        "name": "Restaurant 171"
      },
      "geometry": {
        "type": "Point",
        "coordinates": [
          13.3963,
          53.6327
        ]
      }
    },
    {
      "type": "Feature",
      "properties": {
        "name": "Restaurant 172"
      },
      "geometry": {
        "type": "Point",
        "coordinates": [
          13.4545,
          53.6401
        ]
      }
    },
    {
      "type": "Feature",
      "properties": {
        "name": "Restaurant 173"
      },
      "geometry": {
        "type": "Point",
        "coordinates": [
          13.4276,
          53.6475
        ]
      }
    },
    {
      "type": "Feature",
      "properties": {
        "name": "Restaurant 174"
      },
      "geometry": {
        "type": "Point",
        "coordinates": [
          13.4141,
          53.6549
        ]
      }
    },
    {
      "type": "Feature",
      "properties": {
        "name": "Restaurant 175"
      },
      "geometry": {
        "type": "Point",
        "coordinates": [
          13.401,
          53.6623
        ]
      }
    },
    {
      "type": "Feature",
      "properties": {
        "name": "Restaurant 176"
      },
      "geometry": {
        "type": "Point",
        "coordinates": [
          13.4487,
          53.6697
        ]
      }
    },
    {
      "type": "Feature",
      "properties": {
        "name": "Restaurant 177"
      },
      "geometry": {
        "type": "Point",
        "coordinates": [
          13.4213,
          53.6771
        ]
      }
    },
    {
      "type": "Feature",
      "properties": {
        "name": "Restaurant 178"
      },
      "geometry": {
        "type": "Point",
        "coordinates": [
          13.4118,
          53.6845
        ]
      }
    },
    {
      "type": "Feature",
      "properties": {
        "name": "Restaurant 179"
      },
      "geometry": {
        "type": "Point",
        "coordinates": [
          13.4384,
          53.6919
        ]
      }
    },
    {
      "type": "Feature",
      "properties": {
        "name": "Restaurant 180"
      },
      "geometry": {
        "type": "Point",
        "coordinates": [
          13.3943,
          53.6993
        ]
      }
    },
    {
      "type": "Feature",
      "properties": {
        "name": "Restaurant 181"
      },
      "geometry": {
        "type": "Point",
        "coordinates": [
          13.4578,
          53.7067
        ]
      }
    },
    {
      "type": "Feature",
      "properties": {
        "name": "Restaurant 182"
      },
      "geometry": {
        "type": "Point",
        "coordinates": [
          13.4308,
          53.7141
        ]
      }
    },
    {
      "type": "Feature",
      "properties": {
        "name": "Restaurant 183"
      },
      "geometry": {
        "type": "Point",
        "coordinates": [
          13.4192,
          53.7215
        ]
      }
    },
    {
      "type": "Feature",
      "properties": {
        "name": "Restaurant 184"
      },
      "geometry": {
        "type": "Point",
        "coordinates": [
          13.4066,
          53.7289
        ]
      }
    },
    {
      "type": "Feature",
      "properties": {
        "name": "Restaurant 185"
      },
      "geometry": {
        "type": "Point",
        "coordinates": [
          13.4433,
          53.7363
        ]
      }
    },
    {
      "type": "Feature",
      "properties": {
        "name": "Restaurant 186"
      },
      "geometry": {
        "type": "Point",
        "coordinates": [
          13.3964,
          53.7437
        ]
      }
    },
    {
      "type": "Feature",
      "properties": {
        "name": "Restaurant 187"
      },
      "geometry": {
        "type": "Point",
        "coordinates": [
          13.4546,
          53.7511
        ]
      }
    },
    {
      "type": "Feature",
      "properties": {
        "name": "Restaurant 188"
      },
      "geometry": {
        "type": "Point",
        "coordinates": [
          13.4277,
          53.7585
        ]
      }
    },
    {
      "type": "Feature",
      "properties": {
        "name": "Restaurant 189"
      },
      "geometry": {
        "type": "Point",
        "coordinates": [
          13.4142,
          53.7659
        ]
      }
    },
    {
      "type": "Feature",
      "properties": {
        "name": "Restaurant 190"
      },
      "geometry": {
        "type": "Point",
        "coordinates": [
          13.4011,
          53.7733
        ]
      }
    },
    {
      "type": "Feature",
      "properties": {
        "name": "Restaurant 191"
      },
      "geometry": {
        "type": "Point",
        "coordinates": [
          13.4488,
          53.7807
        ]
      }
    },
    {
      "type": "Feature",
      "properties": {
        "name": "Restaurant 192"
      },
      "geometry": {
        "type": "Point",
        "coordinates": [
          13.4214,
          53.7881
        ]
      }
    },
    {
      "type": "Feature",
      "properties": {
        "name": "Restaurant 193"
      },
      "geometry": {
        "type": "Point",
        "coordinates": [
          13.4119,
          53.7955
        ]
      }
    },
    {
      "type": "Feature",
      "properties": {
        "name": "Restaurant 194"
      },
      "geometry": {
        "type": "Point",
        "coordinates": [
          13.4385,
          53.8029
        ]
      }
    },
    {
      "type": "Feature",
      "properties": {
        "name": "Restaurant 195"
      },
      "geometry": {
        "type": "Point",
        "coordinates": [
          13.3944,
          53.8103
        ]
      }
    },
    {
      "type": "Feature",
      "properties": {
        "name": "Restaurant 196"
      },
      "geometry": {
        "type": "Point",
        "coordinates": [
          13.4579,
          53.8177
        ]
      }
    },
    {
      "type": "Feature",
      "properties": {
        "name": "Restaurant 197"
      },
      "geometry": {
        "type": "Point",
        "coordinates": [
          13.4309,
          53.8251
        ]
      }
    },
    {
      "type": "Feature",
      "properties": {
        "name": "Restaurant 198"
      },
      "geometry": {
        "type": "Point",
        "coordinates": [
          13.4193,
          53.8325
        ]
      }
    },
    {
      "type": "Feature",
      "properties": {
        "name": "Restaurant 199"
      },
      "geometry": {
        "type": "Point",
        "coordinates": [
          13.4067,
          53.8399
        ]
      }
    },
    {
      "type": "Feature",
      "properties": {
        "name": "Restaurant 200"
      },
      "geometry": {
        "type": "Point",
        "coordinates": [
          13.4434,
          53.8473
        ]
      }
    },
    {
      "type": "Feature",
      "properties": {
        "name": "Restaurant 201"
      },
      "geometry": {
        "type": "Point",
        "coordinates": [
          13.3965,
          53.8547
        ]
      }
    },
    {
      "type": "Feature",
      "properties": {
        "name": "Restaurant 202"
      },
      "geometry": {
        "type": "Point",
        "coordinates": [
          13.4547,
          53.8621
        ]
      }
    },
    {
      "type": "Feature",
      "properties": {
        "name": "Restaurant 203"
      },
      "geometry": {
        "type": "Point",
        "coordinates": [
          13.4278,
          53.8695
        ]
      }
    },
    {
      "type": "Feature",
      "properties": {
        "name": "Restaurant 204"
      },
      "geometry": {
        "type": "Point",
        "coordinates": [
          13.4143,
          53.8769
        ]
      }
    },
    {
      "type": "Feature",
      "properties": {
        "name": "Restaurant 205"
      },
      "geometry": {
        "type": "Point",
        "coordinates": [
          13.4012,
          53.8843
        ]
      }
    },
    {
      "type": "Feature",
      "properties": {
        "name": "Restaurant 206"
      },
      "geometry": {
        "type": "Point",
        "coordinates": [
          13.4489,
          53.8917
        ]
      }
    },
    {
      "type": "Feature",
      "properties": {
        "name": "Restaurant 207"
      },
      "geometry": {
        "type": "Point",
        "coordinates": [
          13.4215,
          53.8991
        ]
      }
    },
    {
      "type": "Feature",
      "properties": {
        "name": "Restaurant 208"
      },
      "geometry": {
        "type": "Point",
        "coordinates": [
          13.412,
          53.9065
        ]
      }
    },
    {
      "type": "Feature",
      "properties": {
        "name": "Restaurant 209"
      },
      "geometry": {
        "type": "Point",
        "coordinates": [
          13.4386,
          53.9139
        ]
      }
    },
    {
      "type": "Feature",
      "properties": {
        "name": "Restaurant 210"
      },
      "geometry": {
        "type": "Point",
        "coordinates": [
          13.3945,
          53.9213
        ]
      }
    },
    {
      "type": "Feature",
      "properties": {
        "name": "Restaurant 211"
      },
      "geometry": {
        "type": "Point",
        "coordinates": [
          13.458,
          53.9287
        ]
      }
    },
    {
      "type": "Feature",
      "properties": {
        "name": "Restaurant 212"
      },
      "geometry": {
        "type": "Point",
        "coordinates": [
          13.431,
          53.9361
        ]
      }
    },
    {
      "type": "Feature",
      "properties": {
        "name": "Restaurant 213"
      },
      "geometry": {
        "type": "Point",
        "coordinates": [
          13.4194,
          53.9435
        ]
      }
    },
    {
      "type": "Feature",
      "properties": {
        "name": "Restaurant 214"
      },
      "geometry": {
        "type": "Point",
        "coordinates": [
          13.4068,
          53.9509
        ]
      }
    },
    {
      "type": "Feature",
      "properties": {
        "name": "Restaurant 215"
      },
      "geometry": {
        "type": "Point",
        "coordinates": [
          13.4435,
          53.9583
        ]
      }
    },
    {
      "type": "Feature",
      "properties": {
        "name": "Restaurant 216"
      },
      "geometry": {
        "type": "Point",
        "coordinates": [
          13.3966,
          53.9657
        ]
      }
    },
    {
      "type": "Feature",
      "properties": {
        "name": "Restaurant 217"
      },
      "geometry": {
        "type": "Point",
        "coordinates": [
          13.4548,
          53.9731
        ]
      }
    },
    {
      "type": "Feature",
      "properties": {
        "name": "Restaurant 218"
      },
      "geometry": {
        "type": "Point",
        "coordinates": [
          13.4279,
          53.9805
        ]
      }
    },
    {
      "type": "Feature",
      "properties": {
        "name": "Restaurant 219"
      },
      "geometry": {
        "type": "Point",
        "coordinates": [
          13.4144,
          53.9879
        ]
      }
    },
    {
      "type": "Feature",
      "properties": {
        "name": "Restaurant 220"
      },
      "geometry": {
        "type": "Point",
        "coordinates": [
          13.4013,
          53.9953
        ]
      }
    },
    {
      "type": "Feature",
      "properties": {
        "name": "Restaurant 221"
      },
      "geometry": {
        "type": "Point",
        "coordinates": [
          13.449,
          54.0027
        ]
      }
    },
    {
      "type": "Feature",
      "properties": {
        "name": "Restaurant 222"
      },
      "geometry": {
        "type": "Point",
        "coordinates": [
          13.4216,
          54.0101
        ]
      }
    },
    {
      "type": "Feature",
      "properties": {
        "name": "Restaurant 223"
      },
      "geometry": {
        "type": "Point",
        "coordinates": [
          13.4121,
          54.0175
        ]
      }
    },
    {
      "type": "Feature",
      "properties": {
        "name": "Restaurant 224"
      },
      "geometry": {
        "type": "Point",
        "coordinates": [
          13.4387,
          54.0249
        ]
      }
    },
    {
      "type": "Feature",
      "properties": {
        "name": "Restaurant 225"
      },
      "geometry": {
        "type": "Point",
        "coordinates": [
          13.3946,
          54.0323
        ]
      }
    },
    {
      "type": "Feature",
      "properties": {
        "name": "Restaurant 226"
      },
      "geometry": {
        "type": "Point",
        "coordinates": [
          13.4581,
          54.0397
        ]
      }
    },
    {
      "type": "Feature",
      "properties": {
        "name": "Restaurant 227"
      },
      "geometry": {
        "type": "Point",
        "coordinates": [
          13.4311,
          54.0471
        ]
      }
    },
    {
      "type": "Feature",
      "properties": {
        "name": "Restaurant 228"
      },
      "geometry": {
        "type": "Point",
        "coordinates": [
          13.4195,
          54.0545
        ]
      }
    },
    {
      "type": "Feature",
      "properties": {
        "name": "Restaurant 229"
      },
      "geometry": {
        "type": "Point",
        "coordinates": [
          13.4069,
          54.0619
        ]
      }
    },
    {
      "type": "Feature",
      "properties": {
        "name": "Restaurant 230"
      },
      "geometry": {
        "type": "Point",
        "coordinates": [
          13.4436,
          54.0693
        ]
      }
    },
    {
      "type": "Feature",
      "properties": {
        "name": "Restaurant 231"
      },
      "geometry": {
        "type": "Point",
        "coordinates": [
          13.3967,
          54.0767
        ]
      }
    },
    {
      "type": "Feature",
      "properties": {
        "name": "Restaurant 232"
      },
      "geometry": {
        "type": "Point",
        "coordinates": [
          13.4549,
          54.0841
        ]
      }
    },
    {
      "type": "Feature",
      "properties": {
        "name": "Restaurant 233"
      },
      "geometry": {
        "type": "Point",
        "coordinates": [
          13.428,
          54.0915
        ]
      }
    },
    {
      "type": "Feature",
      "properties": {
        "name": "Restaurant 234"
      },
      "geometry": {
        "type": "Point",
        "coordinates": [
          13.4145,
          54.0989
        ]
      }
    },
    {
      "type": "Feature",
      "properties": {
        "name": "Restaurant 235"
      },
      "geometry": {
        "type": "Point",
        "coordinates": [
          13.4014,
          54.1063
        ]
      }
    },
    {
      "type": "Feature",
      "properties": {
        "name": "Restaurant 236"
      },
      "geometry": {
        "type": "Point",
        "coordinates": [
          13.4491,
          54.1137
        ]
      }
    },
    {
      "type": "Feature",
      "properties": {
        "name": "Restaurant 237"
      },
      "geometry": {
        "type": "Point",
        "coordinates": [
          13.4217,
          54.1211
        ]
      }
    },
    {
      "type": "Feature",
      "properties": {
        "name": "Restaurant 238"
      },
      "geometry": {
        "type": "Point",
        "coordinates": [
          13.4122,
          54.1285
        ]
      }
    },
    {
      "type": "Feature",
      "properties": {
        "name": "Restaurant 239"
      },
      "geometry": {
        "type": "Point",
        "coordinates": [
          13.4388,
          54.1359
        ]
      }
    },
    {
      "type": "Feature",
      "properties": {
        "name": "Restaurant 240"
      },
      "geometry": {
        "type": "Point",
        "coordinates": [
          13.3947,
          54.1433
        ]
      }
    },
    {
      "type": "Feature",
      "properties": {
        "name": "Restaurant 241"
      },
      "geometry": {
        "type": "Point",
        "coordinates": [
          13.4582,
          54.1507
        ]
      }
    },
    {
      "type": "Feature",
      "properties": {
        "name": "Restaurant 242"
      },
      "geometry": {
        "type": "Point",
        "coordinates": [
          13.4312,
          54.1581
        ]
      }
    },
    {
      "type": "Feature",
      "properties": {
        "name": "Restaurant 243"
      },
      "geometry": {
        "type": "Point",
        "coordinates": [
          13.4196,
          54.1655
        ]
      }
    },
    {
      "type": "Feature",
      "properties": {
        "name": "Restaurant 244"
      },
      "geometry": {
        "type": "Point",
        "coordinates": [
          13.407,
          54.1729
        ]
      }
    },
    {
      "type": "Feature",
      "properties": {
        "name": "Restaurant 245"
      },
      "geometry": {
        "type": "Point",
        "coordinates": [
          13.4437,
          54.1803
        ]
      }
    },
    {
      "type": "Feature",
      "properties": {
        "name": "Restaurant 246"
      },
      "geometry": {
        "type": "Point",
        "coordinates": [
          13.3968,
          54.1877
        ]
      }
    },
    {
      "type": "Feature",
      "properties": {
        "name": "Restaurant 247"
      },
      "geometry": {
        "type": "Point",
        "coordinates": [
          13.455,
          54.1951
        ]
      }
    },
    {
      "type": "Feature",
      "properties": {
        "name": "Restaurant 248"
      },
      "geometry": {
        "type": "Point",
        "coordinates": [
          13.4281,
          54.2025
        ]
      }
    },
    {
      "type": "Feature",
      "properties": {
        "name": "Restaurant 249"
      },
      "geometry": {
        "type": "Point",
        "coordinates": [
          13.4146,
          54.2099
        ]
      }
    },
    {
      "type": "Feature",
      "properties": {
        "name": "Restaurant 250"
      },
      "geometry": {
        "type": "Point",
        "coordinates": [
          13.4015,
          54.2173
        ]
      }
    },
    {
      "type": "Feature",
      "properties": {
        "name": "Restaurant 251"
      },
      "geometry": {
        "type": "Point",
        "coordinates": [
          13.4492,
          54.2247
        ]
      }
    },
    {
      "type": "Feature",
      "properties": {
        "name": "Restaurant 252"
      },
      "geometry": {
        "type": "Point",
        "coordinates": [
          13.4218,
          54.2321
        ]
      }
    },
    {
      "type": "Feature",
      "properties": {
        "name": "Restaurant 253"
      },
      "geometry": {
        "type": "Point",
        "coordinates": [
          13.4123,
          54.2395
        ]
      }
    },
    {
      "type": "Feature",
      "properties": {
        "name": "Restaurant 254"
      },
      "geometry": {
        "type": "Point",
        "coordinates": [
          13.4389,
          54.2469
        ]
      }
    },
    {
      "type": "Feature",
      "properties": {
        "name": "Restaurant 255"
      },
      "geometry": {
        "type": "Point",
        "coordinates": [
          13.3948,
          54.2543
        ]
      }
    },
    {
      "type": "Feature",
      "properties": {
        "name": "Restaurant 256"
      },
      "geometry": {
        "type": "Point",
        "coordinates": [
          13.4583,
          54.2617
        ]
      }
    },
    {
      "type": "Feature",
      "properties": {
        "name": "Restaurant 257"
      },
      "geometry": {
        "type": "Point",
        "coordinates": [
          13.4313,
          54.2691
        ]
      }
    },
    {
      "type": "Feature",
      "properties": {
        "name": "Restaurant 258"
      },
      "geometry": {
        "type": "Point",
        "coordinates": [
          13.4197,
          54.2765
        ]
      }
    },
    {
      "type": "Feature",
      "properties": {
        "name": "Restaurant 259"
      },
      "geometry": {
        "type": "Point",
        "coordinates": [
          13.4071,
          54.2839
        ]
      }
    },
    {
      "type": "Feature",
      "properties": {
        "name": "Restaurant 260"
      },
      "geometry": {
        "type": "Point",
        "coordinates": [
          13.4438,
          54.2913
        ]
      }
    },
    {
      "type": "Feature",
      "properties": {
        "name": "Restaurant 261"
      },
      "geometry": {
        "type": "Point",
        "coordinates": [
          13.3969,
          54.2987
        ]
      }
    },
    {
      "type": "Feature",
      "properties": {
        "name": "Restaurant 262"
      },
      "geometry": {
        "type": "Point",
        "coordinates": [
          13.4551,
          54.3061
        ]
      }
    },
    {
      "type": "Feature",
      "properties": {
        "name": "Restaurant 263"
      },
      "geometry": {
        "type": "Point",
        "coordinates": [
          13.4282,
          54.3135
        ]
      }
    },
    {
      "type": "Feature",
      "properties": {
        "name": "Restaurant 264"
      },
      "geometry": {
        "type": "Point",
        "coordinates": [
          13.4147,
          54.3209
        ]
      }
    },
    {
      "type": "Feature",
      "properties": {
        "name": "Restaurant 265"
      },
      "geometry": {
        "type": "Point",
        "coordinates": [
          13.4016,
          54.3283
        ]
      }
    },
    {
      "type": "Feature",
      "properties": {
        "name": "Restaurant 266"
      },
      "geometry": {
        "type": "Point",
        "coordinates": [
          13.4493,
          54.3357
        ]
      }
    },
    {
      "type": "Feature",
      "properties": {
        "name": "Restaurant 267"
      },
      "geometry": {
        "type": "Point",
        "coordinates": [
          13.4219,
          54.3431
        ]
      }
    },
    {
      "type": "Feature",
      "properties": {
        "name": "Restaurant 268"
      },
      "geometry": {
        "type": "Point",
        "coordinates": [
          13.4124,
          54.3505
        ]
      }
    },
    {
      "type": "Feature",
      "properties": {
        "name": "Restaurant 269"
      },
      "geometry": {
        "type": "Point",
        "coordinates": [
          13.439,
          54.3579
        ]
      }
    },
    {
      "type": "Feature",
      "properties": {
        "name": "Restaurant 270"
      },
      "geometry": {
        "type": "Point",
        "coordinates": [
          13.3949,
          54.3653
        ]
      }
    },
    {
      "type": "Feature",
      "properties": {
        "name": "Restaurant 271"
      },
      "geometry": {
        "type": "Point",
        "coordinates": [
          13.4584,
          54.3727
        ]
      }
    },
    {
      "type": "Feature",
      "properties": {
        "name": "Restaurant 272"
      },
      "geometry": {
        "type": "Point",
        "coordinates": [
          13.4314,
          54.3801
        ]
      }
    },
    {
      "type": "Feature",
      "properties": {
        "name": "Restaurant 273"
      },
      "geometry": {
        "type": "Point",
        "coordinates": [
          13.4198,
          54.3875
        ]
      }
    },
    {
      "type": "Feature",
      "properties": {
        "name": "Restaurant 274"
      },
      "geometry": {
        "type": "Point",
        "coordinates": [
          13.4072,
          54.3949
        ]
      }
    },
    {
      "type": "Feature",
      "properties": {
        "name": "Restaurant 275"
      },
      "geometry": {
        "type": "Point",
        "coordinates": [
          13.4439,
          54.4023
        ]
      }
    },
    {
      "type": "Feature",
      "properties": {
        "name": "Restaurant 276"
      },
      "geometry": {
        "type": "Point",
        "coordinates": [
          13.397,
          54.4097
        ]
      }
    },
    {
      "type": "Feature",
      "properties": {
        "name": "Restaurant 277"
      },
      "geometry": {
        "type": "Point",
        "coordinates": [
          13.4552,
          54.4171
        ]
      }
    },
    {
      "type": "Feature",
      "properties": {
        "name": "Restaurant 278"
      },
      "geometry": {
        "type": "Point",
        "coordinates": [
          13.4283,
          54.4245
        ]
      }
    },
    {
      "type": "Feature",
      "properties": {
        "name": "Restaurant 279"
      },
      "geometry": {
        "type": "Point",
        "coordinates": [
          13.4148,
          54.4319
        ]
      }
    },
    {
      "type": "Feature",
      "properties": {
        "name": "Restaurant 280"
      },
      "geometry": {
        "type": "Point",
        "coordinates": [
          13.4017,
          54.4393
        ]
      }
    },
    {
      "type": "Feature",
      "properties": {
        "name": "Restaurant 281"
      },
      "geometry": {
        "type": "Point",
        "coordinates": [
          13.4494,
          54.4467
        ]
      }
    },
    {
      "type": "Feature",
      "properties": {
        "name": "Restaurant 282"
      },
      "geometry": {
        "type": "Point",
        "coordinates": [
          13.422,
          54.4541
        ]
      }
    },
    {
      "type": "Feature",
      "properties": {
        "name": "Restaurant 283"
      },
      "geometry": {
        "type": "Point",
        "coordinates": [
          13.4125,
          54.4615
        ]
      }
    },
    {
      "type": "Feature",
      "properties": {
        "name": "Restaurant 284"
      },
      "geometry": {
        "type": "Point",
        "coordinates": [
          13.4391,
          54.4689
        ]
      }
    },
    {
      "type": "Feature",
      "properties": {
        "name": "Restaurant 285"
      },
      "geometry": {
        "type": "Point",
        "coordinates": [
          13.395,
          54.4763
        ]
      }
    },
    {
      "type": "Feature",
      "properties": {
        "name": "Restaurant 286"
      },
      "geometry": {
        "type": "Point",
        "coordinates": [
          13.4585,
          54.4837
        ]
      }
    },
    {
      "type": "Feature",
      "properties": {
        "name": "Restaurant 287"
      },
      "geometry": {
        "type": "Point",
        "coordinates": [
          13.4315,
          54.4911
        ]
      }
    },
    {
      "type": "Feature",
      "properties": {
        "name": "Restaurant 288"
      },
      "geometry": {
        "type": "Point",
        "coordinates": [
          13.4199,
          54.4985
        ]
      }
    },
    {
      "type": "Feature",
      "properties": {
        "name": "Restaurant 289"
      },
      "geometry": {
        "type": "Point",
        "coordinates": [
          13.4073,
          54.5059
        ]
      }
    },
    {
      "type": "Feature",
      "properties": {
        "name": "Restaurant 290"
      },
      "geometry": {
        "type": "Point",
        "coordinates": [
          13.444,
          54.5133
        ]
      }
    },
    {
      "type": "Feature",
      "properties": {
        "name": "Restaurant 291"
      },
      "geometry": {
        "type": "Point",
        "coordinates": [
          13.3971,
          54.5207
        ]
      }
    },
    {
      "type": "Feature",
      "properties": {
        "name": "Restaurant 292"
      },
      "geometry": {
        "type": "Point",
        "coordinates": [
          13.4553,
          54.5281
        ]
      }
    },
    {
      "type": "Feature",
      "properties": {
        "name": "Restaurant 293"
      },
      "geometry": {
        "type": "Point",
        "coordinates": [
          13.4284,
          54.5355
        ]
      }
    },
    {
      "type": "Feature",
      "properties": {
        "name": "Restaurant 294"
      },
      "geometry": {
        "type": "Point",
        "coordinates": [
          13.4149,
          54.5429
        ]
      }
    },
    {
      "type": "Feature",
      "properties": {
        "name": "Restaurant 295"
      },
      "geometry": {
        "type": "Point",
        "coordinates": [
          13.4018,
          54.5503
        ]
      }
    },
    {
      "type": "Feature",
      "properties": {
        "name": "Restaurant 296"
      },
      "geometry": {
        "type": "Point",
        "coordinates": [
          13.4495,
          54.5577
        ]
      }
    },
    {
      "type": "Feature",
      "properties": {
        "name": "Restaurant 297"
      },
      "geometry": {
        "type": "Point",
        "coordinates": [
          13.4221,
          54.5651
        ]
      }
    },
    {
      "type": "Feature",
      "properties": {
        "name": "Restaurant 298"
      },
      "geometry": {
        "type": "Point",
        "coordinates": [
          13.4126,
          54.5725
        ]
      }
    },
    {
      "type": "Feature",
      "properties": {
        "name": "Restaurant 299"
      },
      "geometry": {
        "type": "Point",
        "coordinates": [
          13.4392,
          54.5799
        ]
      }
    },
    {
      "type": "Feature",
      "properties": {
        "name": "Restaurant 300"
      },
      "geometry": {
        "type": "Point",
        "coordinates": [
          13.3951,
          54.5873
        ]
      }
    },
    {
      "type": "Feature",
      "properties": {
        "name": "Restaurant 301"
      },
      "geometry": {
        "type": "Point",
        "coordinates": [
          13.4586,
          54.5947
        ]
      }
    },
    {
      "type": "Feature",
      "properties": {
        "name": "Restaurant 302"
      },
      "geometry": {
        "type": "Point",
        "coordinates": [
          13.4316,
          54.6021
        ]
      }
    },
    {
      "type": "Feature",
      "properties": {
        "name": "Restaurant 303"
      },
      "geometry": {
        "type": "Point",
        "coordinates": [
          13.42,
          54.6095
        ]
      }
    },
    {
      "type": "Feature",
      "properties": {
        "name": "Restaurant 304"
      },
      "geometry": {
        "type": "Point",
        "coordinates": [
          13.4074,
          54.6169
        ]
      }
    },
    {
      "type": "Feature",
      "properties": {
        "name": "Restaurant 305"
      },
      "geometry": {
        "type": "Point",
        "coordinates": [
          13.4441,
          54.6243
        ]
      }
    },
    {
      "type": "Feature",
      "properties": {
        "name": "Restaurant 306"
      },
      "geometry": {
        "type": "Point",
        "coordinates": [
          13.3972,
          54.6317
        ]
      }
    },
    {
      "type": "Feature",
      "properties": {
        "name": "Restaurant 307"
      },
      "geometry": {
        "type": "Point",
        "coordinates": [
          13.4554,
          54.6391
        ]
      }
    },
    {
      "type": "Feature",
      "properties": {
        "name": "Restaurant 308"
      },
      "geometry": {
        "type": "Point",
        "coordinates": [
          13.4285,
          54.6465
        ]
      }
    },
    {
      "type": "Feature",
      "properties": {
        "name": "Restaurant 309"
      },
      "geometry": {
        "type": "Point",
        "coordinates": [
          13.415,
          54.6539
        ]
      }
    },
    {
      "type": "Feature",
      "properties": {
        "name": "Restaurant 310"
      },
      "geometry": {
        "type": "Point",
        "coordinates": [
          13.4019,
          54.6613
        ]
      }
    },
    {
      "type": "Feature",
      "properties": {
        "name": "Restaurant 311"
      },
      "geometry": {
        "type": "Point",
        "coordinates": [
          13.4496,
          54.6687
        ]
      }
    },
    {
      "type": "Feature",
      "properties": {
        "name": "Restaurant 312"
      },
      "geometry": {
        "type": "Point",
        "coordinates": [
          13.4222,
          54.6761
        ]
      }
    },
    {
      "type": "Feature",
      "properties": {
        "name": "Restaurant 313"
      },
      "geometry": {
        "type": "Point",
        "coordinates": [
          13.4127,
          54.6835
        ]
      }
    },
    {
      "type": "Feature",
      "properties": {
        "name": "Restaurant 314"
      },
      "geometry": {
        "type": "Point",
        "coordinates": [
          13.4393,
          54.6909
        ]
      }
    },
    {
      "type": "Feature",
      "properties": {
        "name": "Restaurant 315"
      },
      "geometry": {
        "type": "Point",
        "coordinates": [
          13.3952,
          54.6983
        ]
      }
    },
    {
      "type": "Feature",
      "properties": {
        "name": "Restaurant 316"
      },
      "geometry": {
        "type": "Point",
        "coordinates": [
          13.4587,
          54.7057
        ]
      }
    },
    {
      "type": "Feature",
      "properties": {
        "name": "Restaurant 317"
      },
      "geometry": {
        "type": "Point",
        "coordinates": [
          13.4317,
          54.7131
        ]
      }
    },
    {
      "type": "Feature",
      "properties": {
        "name": "Restaurant 318"
      },
      "geometry": {
        "type": "Point",
        "coordinates": [
          13.4201,
          54.7205
        ]
      }
    },
    {
      "type": "Feature",
      "properties": {
        "name": "Restaurant 319"
      },
      "geometry": {
        "type": "Point",
        "coordinates": [
          13.4075,
          54.7279
        ]
      }
    },
    {
      "type": "Feature",
      "properties": {
        "name": "Restaurant 320"
      },
      "geometry": {
        "type": "Point",
        "coordinates": [
          13.4442,
          54.7353
        ]
      }
    },
    {
      "type": "Feature",
      "properties": {
        "name": "Restaurant 321"
      },
      "geometry": {
        "type": "Point",
        "coordinates": [
          13.3973,
          54.7427
        ]
      }
    },
    {
      "type": "Feature",
      "properties": {
        "name": "Restaurant 322"
      },
      "geometry": {
        "type": "Point",
        "coordinates": [
          13.4555,
          54.7501
        ]
      }
    },
    {
      "type": "Feature",
      "properties": {
        "name": "Restaurant 323"
      },
      "geometry": {
        "type": "Point",
        "coordinates": [
          13.4286,
          54.7575
        ]
      }
    },
    {
      "type": "Feature",
      "properties": {
        "name": "Restaurant 324"
      },
      "geometry": {
        "type": "Point",
        "coordinates": [
          13.4151,
          54.7649
        ]
      }
    },
    {
      "type": "Feature",
      "properties": {
        "name": "Restaurant 325"
      },
      "geometry": {
        "type": "Point",
        "coordinates": [
          13.402,
          54.7723
        ]
      }
    },
    {
      "type": "Feature",
      "properties": {
        "name": "Restaurant 326"
      },
      "geometry": {
        "type": "Point",
        "coordinates": [
          13.4497,
          54.7797
        ]
      }
    },
    {
      "type": "Feature",
      "properties": {
        "name": "Restaurant 327"
      },
      "geometry": {
        "type": "Point",
        "coordinates": [
          13.4223,
          54.7871
        ]
      }
    },
    {
      "type": "Feature",
      "properties": {
        "name": "Restaurant 328"
      },
      "geometry": {
        "type": "Point",
        "coordinates": [
          13.4128,
          54.7945
        ]
      }
    },
    {
      "type": "Feature",
      "properties": {
        "name": "Restaurant 329"
      },
      "geometry": {
        "type": "Point",
        "coordinates": [
          13.4394,
          54.8019
        ]
      }
    },
    {
      "type": "Feature",
      "properties": {
        "name": "Restaurant 330"
      },
      "geometry": {
        "type": "Point",
        "coordinates": [
          13.3953,
          54.8093
        ]
      }
    },
    {
      "type": "Feature",
      "properties": {
        "name": "Restaurant 331"
      },
      "geometry": {
        "type": "Point",
        "coordinates": [
          13.4588,
          54.8167
        ]
      }
    },
    {
      "type": "Feature",
      "properties": {
        "name": "Restaurant 332"
      },
      "geometry": {
        "type": "Point",
        "coordinates": [
          13.4318,
          54.8241
        ]
      }
    },
    {
      "type": "Feature",
      "properties": {
        "name": "Restaurant 333"
      },
      "geometry": {
        "type": "Point",
        "coordinates": [
          13.4202,
          54.8315
        ]
      }
    },
    {
      "type": "Feature",
      "properties": {
        "name": "Restaurant 334"
      },
      "geometry": {
        "type": "Point",
        "coordinates": [
          13.4076,
          54.8389
        ]
      }
    },
    {
      "type": "Feature",
      "properties": {
        "name": "Restaurant 335"
      },
      "geometry": {
        "type": "Point",
        "coordinates": [
          13.4443,
          54.8463
        ]
      }
    },
    {
      "type": "Feature",
      "properties": {
        "name": "Restaurant 336"
      },
      "geometry": {
        "type": "Point",
        "coordinates": [
          13.3974,
          54.8537
        ]
      }
    },
    {
      "type": "Feature",
      "properties": {
        "name": "Restaurant 337"
      },
      "geometry": {
        "type": "Point",
        "coordinates": [
          13.4556,
          54.8611
        ]
      }
    },
    {
      "type": "Feature",
      "properties": {
        "name": "Restaurant 338"
      },
      "geometry": {
        "type": "Point",
        "coordinates": [
          13.4287,
          54.8685
        ]
      }
    },
    {
      "type": "Feature",
      "properties": {
        "name": "Restaurant 339"
      },
      "geometry": {
        "type": "Point",
        "coordinates": [
          13.4152,
          54.8759
        ]
      }
    },
    {
      "type": "Feature",
      "properties": {
        "name": "Restaurant 340"
      },
      "geometry": {
        "type": "Point",
        "coordinates": [
          13.4021,
          54.8833
        ]
      }
    },
    {
      "type": "Feature",
      "properties": {
        "name": "Restaurant 341"
      },
      "geometry": {
        "type": "Point",
        "coordinates": [
          13.4498,
          54.8907
        ]
      }
    },
    {
      "type": "Feature",
      "properties": {
        "name": "Restaurant 342"
      },
      "geometry": {
        "type": "Point",
        "coordinates": [
          13.4224,
          54.8981
        ]
      }
    },
    {
      "type": "Feature",
      "properties": {
        "name": "Restaurant 343"
      },
      "geometry": {
        "type": "Point",
        "coordinates": [
          13.4129,
          54.9055
        ]
      }
    },
    {
      "type": "Feature",
      "properties": {
        "name": "Restaurant 344"
      },
      "geometry": {
        "type": "Point",
        "coordinates": [
          13.4395,
          54.9129
        ]
      }
    },
    {
      "type": "Feature",
      "properties": {
        "name": "Restaurant 345"
      },
      "geometry": {
        "type": "Point",
        "coordinates": [
          13.3954,
          54.9203
        ]
      }
    },
    {
      "type": "Feature",
      "properties": {
        "name": "Restaurant 346"
      },
      "geometry": {
        "type": "Point",
        "coordinates": [
          13.4589,
          54.9277
        ]
      }
    },
    {
      "type": "Feature",
      "properties": {
        "name": "Restaurant 347"
      },
      "geometry": {
        "type": "Point",
        "coordinates": [
          13.4319,
          54.9351
        ]
      }
    },
    {
      "type": "Feature",
      "properties": {
        "name": "Restaurant 348"
      },
      "geometry": {
        "type": "Point",
        "coordinates": [
          13.4203,
          54.9425
        ]
      }
    },
    {
      "type": "Feature",
      "properties": {
        "name": "Restaurant 349"
      },
      "geometry": {
        "type": "Point",
        "coordinates": [
          13.4077,
          54.9499
        ]
      }
    },
    {
      "type": "Feature",
      "properties": {
        "name": "Restaurant 350"
      },
      "geometry": {
        "type": "Point",
        "coordinates": [
          13.4444,
          54.9573
        ]
      }
    },
    {
      "type": "Feature",
      "properties": {
        "name": "Restaurant 351"
      },
      "geometry": {
        "type": "Point",
        "coordinates": [
          13.3975,
          54.9647
        ]
      }
    },
    {
      "type": "Feature",
      "properties": {
        "name": "Restaurant 352"
      },
      "geometry": {
        "type": "Point",
        "coordinates": [
          13.4557,
          54.9721
        ]
      }
    },
    {
      "type": "Feature",
      "properties": {
        "name": "Restaurant 353"
      },
      "geometry": {
        "type": "Point",
        "coordinates": [
          13.4288,
          54.9795
        ]
      }
    },
    {
      "type": "Feature",
      "properties": {
        "name": "Restaurant 354"
      },
      "geometry": {
        "type": "Point",
        "coordinates": [
          13.4153,
          54.9869
        ]
      }
    },
    {
      "type": "Feature",
      "properties": {
        "name": "Restaurant 355"
      },
      "geometry": {
        "type": "Point",
        "coordinates": [
          13.4022,
          54.9943
        ]
      }
    },
    {
      "type": "Feature",
      "properties": {
        "name": "Restaurant 356"
      },
      "geometry": {
        "type": "Point",
        "coordinates": [
          13.4499,
          55.0017
        ]
      }
    },
    {
      "type": "Feature",
      "properties": {
        "name": "Restaurant 357"
      },
      "geometry": {
        "type": "Point",
        "coordinates": [
          13.4225,
          55.0091
        ]
      }
    },
    {
      "type": "Feature",
      "properties": {
        "name": "Restaurant 358"
      },
      "geometry": {
        "type": "Point",
        "coordinates": [
          13.413,
          55.0165
        ]
      }
    },
    {
      "type": "Feature",
      "properties": {
        "name": "Restaurant 359"
      },
      "geometry": {
        "type": "Point",
        "coordinates": [
          13.4396,
          55.0239
        ]
      }
    },
    {
      "type": "Feature",
      "properties": {
        "name": "Restaurant 360"
      },
      "geometry": {
        "type": "Point",
        "coordinates": [
          13.3955,
          55.0313
        ]
      }
    },
    {
      "type": "Feature",
      "properties": {
        "name": "Restaurant 361"
      },
      "geometry": {
        "type": "Point",
        "coordinates": [
          13.459,
          55.0387
        ]
      }
    },
    {
      "type": "Feature",
      "properties": {
        "name": "Restaurant 362"
      },
      "geometry": {
        "type": "Point",
        "coordinates": [
          13.432,
          55.0461
        ]
      }
    },
    {
      "type": "Feature",
      "properties": {
        "name": "Restaurant 363"
      },
      "geometry": {
        "type": "Point",
        "coordinates": [
          13.4204,
          55.0535
        ]
      }
    },
    {
      "type": "Feature",
      "properties": {
        "name": "Restaurant 364"
      },
      "geometry": {
        "type": "Point",
        "coordinates": [
          13.4078,
          55.0609
        ]
      }
    },
    {
      "type": "Feature",
      "properties": {
        "name": "Restaurant 365"
      },
      "geometry": {
        "type": "Point",
        "coordinates": [
          13.4445,
          55.0683
        ]
      }
    },
    {
      "type": "Feature",
      "properties": {
        "name": "Restaurant 366"
      },
      "geometry": {
        "type": "Point",
        "coordinates": [
          13.3976,
          55.0757
        ]
      }
    },
    {
      "type": "Feature",
      "properties": {
        "name": "Restaurant 367"
      },
      "geometry": {
        "type": "Point",
        "coordinates": [
          13.4558,
          55.0831
        ]
      }
    },
    {
      "type": "Feature",
      "properties": {
        "name": "Restaurant 368"
      },
      "geometry": {
        "type": "Point",
        "coordinates": [
          13.4289,
          55.0905
        ]
      }
    },
    {
      "type": "Feature",
      "properties": {
        "name": "Restaurant 369"
      },
      "geometry": {
        "type": "Point",
        "coordinates": [
          13.4154,
          55.0979
        ]
      }
    },
    {
      "type": "Feature",
      "properties": {
        "name": "Restaurant 370"
      },
      "geometry": {
        "type": "Point",
        "coordinates": [
          13.4023,
          55.1053
        ]
      }
    },
    {
      "type": "Feature",
      "properties": {
        "name": "Restaurant 371"
      },
      "geometry": {
        "type": "Point",
        "coordinates": [
          13.45,
          55.1127
        ]
      }
    },
    {
      "type": "Feature",
      "properties": {
        "name": "Restaurant 372"
      },
      "geometry": {
        "type": "Point",
        "coordinates": [
          13.4226,
          55.1201
        ]
      }
    },
    {
      "type": "Feature",
      "properties": {
        "name": "Restaurant 373"
      },
      "geometry": {
        "type": "Point",
        "coordinates": [
          13.4131,
          55.1275
        ]
      }
    },
    {
      "type": "Feature",
      "properties": {
        "name": "Restaurant 374"
      },
      "geometry": {
        "type": "Point",
        "coordinates": [
          13.4397,
          55.1349
        ]
      }
    },
    {
      "type": "Feature",
      "properties": {
        "name": "Restaurant 375"
      },
      "geometry": {
        "type": "Point",
        "coordinates": [
          13.3956,
          55.1423
        ]
      }
    },
    {
      "type": "Feature",
      "properties": {
        "name": "Restaurant 376"
      },
      "geometry": {
        "type": "Point",
        "coordinates": [
          13.4591,
          55.1497
        ]
      }
    },
    {
      "type": "Feature",
      "properties": {
        "name": "Restaurant 377"
      },
      "geometry": {
        "type": "Point",
        "coordinates": [
          13.4321,
          55.1571
        ]
      }
    },
    {
      "type": "Feature",
      "properties": {
        "name": "Restaurant 378"
      },
      "geometry": {
        "type": "Point",
        "coordinates": [
          13.4205,
          55.1645
        ]
      }
    },
    {
      "type": "Feature",
      "properties": {
        "name": "Restaurant 379"
      },
      "geometry": {
        "type": "Point",
        "coordinates": [
          13.4079,
          55.1719
        ]
      }
    },
    {
      "type": "Feature",
      "properties": {
        "name": "Restaurant 380"
      },
      "geometry": {
        "type": "Point",
        "coordinates": [
          13.4446,
          55.1793
        ]
      }
    },
    {
      "type": "Feature",
      "properties": {
        "name": "Restaurant 381"
      },
      "geometry": {
        "type": "Point",
        "coordinates": [
          13.3977,
          55.1867
        ]
      }
    },
    {
      "type": "Feature",
      "properties": {
        "name": "Restaurant 382"
      },
      "geometry": {
        "type": "Point",
        "coordinates": [
          13.4559,
          55.1941
        ]
      }
    },
    {
      "type": "Feature",
      "properties": {
        "name": "Restaurant 383"
      },
      "geometry": {
        "type": "Point",
        "coordinates": [
          13.429,
          55.2015
        ]
      }
    },
    {
      "type": "Feature",
      "properties": {
        "name": "Restaurant 384"
      },
      "geometry": {
        "type": "Point",
        "coordinates": [
          13.4155,
          55.2089
        ]
      }
    },
    {
      "type": "Feature",
      "properties": {
        "name": "Restaurant 385"
      },
      "geometry": {
        "type": "Point",
        "coordinates": [
          13.4024,
          55.2163
        ]
      }
    },
    {
      "type": "Feature",
      "properties": {
        "name": "Restaurant 386"
      },
      "geometry": {
        "type": "Point",
        "coordinates": [
          13.4501,
          55.2237
        ]
      }
    },
    {
      "type": "Feature",
      "properties": {
        "name": "Restaurant 387"
      },
      "geometry": {
        "type": "Point",
        "coordinates": [
          13.4227,
          55.2311
        ]
      }
    },
    {
      "type": "Feature",
      "properties": {
        "name": "Restaurant 388"
      },
      "geometry": {
        "type": "Point",
        "coordinates": [
          13.4132,
          55.2385
        ]
      }
    },
    {
      "type": "Feature",
      "properties": {
        "name": "Restaurant 389"
      },
      "geometry": {
        "type": "Point",
        "coordinates": [
          13.4398,
          55.2459
        ]
      }
    },
    {
      "type": "Feature",
      "properties": {
        "name": "Restaurant 390"
      },
      "geometry": {
        "type": "Point",
        "coordinates": [
          13.3957,
          55.2533
        ]
      }
    },
    {
      "type": "Feature",
      "properties": {
        "name": "Restaurant 391"
      },
      "geometry": {
        "type": "Point",
        "coordinates": [
          13.4592,
          55.2607
        ]
      }
    },
    {
      "type": "Feature",
      "properties": {
        "name": "Restaurant 392"
      },
      "geometry": {
        "type": "Point",
        "coordinates": [
          13.4322,
          55.2681
        ]
      }
    },
    {
      "type": "Feature",
      "properties": {
        "name": "Restaurant 393"
      },
      "geometry": {
        "type": "Point",
        "coordinates": [
          13.4206,
          55.2755
        ]
      }
    },
    {
      "type": "Feature",
      "properties": {
        "name": "Restaurant 394"
      },
      "geometry": {
        "type": "Point",
        "coordinates": [
          13.408,
          55.2829
        ]
      }
    },
    {
      "type": "Feature",
      "properties": {
        "name": "Restaurant 395"
      },
      "geometry": {
        "type": "Point",
        "coordinates": [
          13.4447,
          55.2903
        ]
      }
    },
    {
      "type": "Feature",
      "properties": {
        "name": "Restaurant 396"
      },
      "geometry": {
        "type": "Point",
        "coordinates": [
          13.3978,
          55.2977
        ]
      }
    },
    {
      "type": "Feature",
      "properties": {
        "name": "Restaurant 397"
      },
      "geometry": {
        "type": "Point",
        "coordinates": [
          13.456,
          55.3051
        ]
      }
    },
    {
      "type": "Feature",
      "properties": {
        "name": "Restaurant 398"
      },
      "geometry": {
        "type": "Point",
        "coordinates": [
          13.4291,
          55.3125
        ]
      }
    },
    {
      "type": "Feature",
      "properties": {
        "name": "Restaurant 399"
      },
      "geometry": {
        "type": "Point",
        "coordinates": [
          13.4156,
          55.3199
        ]
      }
    },
    {
      "type": "Feature",
      "properties": {
        "name": "Restaurant 400"
      },
      "geometry": {
        "type": "Point",
        "coordinates": [
          13.4025,
          55.3273
        ]
      }
    },
    {
      "type": "Feature",
      "properties": {
        "name": "Restaurant 401"
      },
      "geometry": {
        "type": "Point",
        "coordinates": [
          13.4502,
          55.3347
        ]
      }
    },
    {
      "type": "Feature",
      "properties": {
        "name": "Restaurant 402"
      },
      "geometry": {
        "type": "Point",
        "coordinates": [
          13.4228,
          55.3421
        ]
      }
    },
    {
      "type": "Feature",
      "properties": {
        "name": "Restaurant 403"
      },
      "geometry": {
        "type": "Point",
        "coordinates": [
          13.4133,
          55.3495
        ]
      }
    },
    {
      "type": "Feature",
      "properties": {
        "name": "Restaurant 404"
      },
      "geometry": {
        "type": "Point",
        "coordinates": [
          13.4399,
          55.3569
        ]
      }
    },
    {
      "type": "Feature",
      "properties": {
        "name": "Restaurant 405"
      },
      "geometry": {
        "type": "Point",
        "coordinates": [
          13.3958,
          55.3643
        ]
      }
    },
    {
      "type": "Feature",
      "properties": {
        "name": "Restaurant 406"
      },
      "geometry": {
        "type": "Point",
        "coordinates": [
          13.4593,
          55.3717
        ]
      }
    },
    {
      "type": "Feature",
      "properties": {
        "name": "Restaurant 407"
      },
      "geometry": {
        "type": "Point",
        "coordinates": [
          13.4323,
          55.3791
        ]
      }
    },
    {
      "type": "Feature",
      "properties": {
        "name": "Restaurant 408"
      },
      "geometry": {
        "type": "Point",
        "coordinates": [
          13.4207,
          55.3865
        ]
      }
    },
    {
      "type": "Feature",
      "properties": {
        "name": "Restaurant 409"
      },
      "geometry": {
        "type": "Point",
        "coordinates": [
          13.4081,
          55.3939
        ]
      }
    },
    {
      "type": "Feature",
      "properties": {
        "name": "Restaurant 410"
      },
      "geometry": {
        "type": "Point",
        "coordinates": [
          13.4448,
          55.4013
        ]
      }
    },
    {
      "type": "Feature",
      "properties": {
        "name": "Restaurant 411"
      },
      "geometry": {
        "type": "Point",
        "coordinates": [
          13.3979,
          55.4087
        ]
      }
    },
    {
      "type": "Feature",
      "properties": {
        "name": "Restaurant 412"
      },
      "geometry": {
        "type": "Point",
        "coordinates": [
          13.4561,
          55.4161
        ]
      }
    },
    {
      "type": "Feature",
      "properties": {
        "name": "Restaurant 413"
      },
      "geometry": {
        "type": "Point",
        "coordinates": [
          13.4292,
          55.4235
        ]
      }
    },
    {
      "type": "Feature",
      "properties": {
        "name": "Restaurant 414"
      },
      "geometry": {
        "type": "Point",
        "coordinates": [
          13.4157,
          55.4309
        ]
      }
    },
    {
      "type": "Feature",
      "properties": {
        "name": "Restaurant 415"
      },
      "geometry": {
        "type": "Point",
        "coordinates": [
          13.4026,
          55.4383
        ]
      }
    },
    {
      "type": "Feature",
      "properties": {
        "name": "Restaurant 416"
      },
      "geometry": {
        "type": "Point",
        "coordinates": [
          13.4503,
          55.4457
        ]
      }
    },
    {
      "type": "Feature",
      "properties": {
        "name": "Restaurant 417"
      },
      "geometry": {
        "type": "Point",
        "coordinates": [
          13.4229,
          55.4531
        ]
      }
    },
    {
      "type": "Feature",
      "properties": {
        "name": "Restaurant 418"
      },
      "geometry": {
        "type": "Point",
        "coordinates": [
          13.4134,
          55.4605
        ]
      }
    },
    {
      "type": "Feature",
      "properties": {
        "name": "Restaurant 419"
      },
      "geometry": {
        "type": "Point",
        "coordinates": [
          13.44,
          55.4679
        ]
      }
    },
    {
      "type": "Feature",
      "properties": {
        "name": "Restaurant 420"
      },
      "geometry": {
        "type": "Point",
        "coordinates": [
          13.3959,
          55.4753
        ]
      }
    },
    {
      "type": "Feature",
      "properties": {
        "name": "Restaurant 421"
      },
      "geometry": {
        "type": "Point",
        "coordinates": [
          13.4594,
          55.4827
        ]
      }
    },
    {
      "type": "Feature",
      "properties": {
        "name": "Restaurant 422"
      },
      "geometry": {
        "type": "Point",
        "coordinates": [
          13.4324,
          55.4901
        ]
      }
    },
    {
      "type": "Feature",
      "properties": {
        "name": "Restaurant 423"
      },
      "geometry": {
        "type": "Point",
        "coordinates": [
          13.4208,
          55.4975
        ]
      }
    },
    {
      "type": "Feature",
      "properties": {
        "name": "Restaurant 424"
      },
      "geometry": {
        "type": "Point",
        "coordinates": [
          13.4082,
          55.5049
        ]
      }
    },
    {
      "type": "Feature",
      "properties": {
        "name": "Restaurant 425"
      },
      "geometry": {
        "type": "Point",
        "coordinates": [
          13.4449,
          55.5123
        ]
      }
    },
    {
      "type": "Feature",
      "properties": {
        "name": "Restaurant 426"
      },
      "geometry": {
        "type": "Point",
        "coordinates": [
          13.398,
          55.5197
        ]
      }
    },
    {
      "type": "Feature",
      "properties": {
        "name": "Restaurant 427"
      },
      "geometry": {
        "type": "Point",
        "coordinates": [
          13.4562,
          55.5271
        ]
      }
    },
    {
      "type": "Feature",
      "properties": {
        "name": "Restaurant 428"
      },
      "geometry": {
        "type": "Point",
        "coordinates": [
          13.4293,
          55.5345
        ]
      }
    },
    {
      "type": "Feature",
      "properties": {
        "name": "Restaurant 429"
      },
      "geometry": {
        "type": "Point",
        "coordinates": [
          13.4158,
          55.5419
        ]
      }
    },
    {
      "type": "Feature",
      "properties": {
        "name": "Restaurant 430"
      },
      "geometry": {
        "type": "Point",
        "coordinates": [
          13.4027,
          55.5493
        ]
      }
    },
    {
      "type": "Feature",
      "properties": {
        "name": "Restaurant 431"
      },
      "geometry": {
        "type": "Point",
        "coordinates": [
          13.4504,
          55.5567
        ]
      }
    },
    {
      "type": "Feature",
      "properties": {
        "name": "Restaurant 432"
      },
      "geometry": {
        "type": "Point",
        "coordinates": [
          13.423,
          55.5641
        ]
      }
    },
    {
      "type": "Feature",
      "properties": {
        "name": "Restaurant 433"
      },
      "geometry": {
        "type": "Point",
        "coordinates": [
          13.4135,
          55.5715
        ]
      }
    },
    {
      "type": "Feature",
      "properties": {
        "name": "Restaurant 434"
      },
      "geometry": {
        "type": "Point",
        "coordinates": [
          13.4401,
          55.5789
        ]
      }
    },
    {
      "type": "Feature",
      "properties": {
        "name": "Restaurant 435"
      },
      "geometry": {
        "type": "Point",
        "coordinates": [
          13.396,
          55.5863
        ]
      }
    },
    {
      "type": "Feature",
      "properties": {
        "name": "Restaurant 436"
      },
      "geometry": {
        "type": "Point",
        "coordinates": [
          13.4595,
          55.5937
        ]
      }
    },
    {
      "type": "Feature",
      "properties": {
        "name": "Restaurant 437"
      },
      "geometry": {
        "type": "Point",
        "coordinates": [
          13.4325,
          55.6011
        ]
      }
    },
    {
      "type": "Feature",
      "properties": {
        "name": "Restaurant 438"
      },
      "geometry": {
        "type": "Point",
        "coordinates": [
          13.4209,
          55.6085
        ]
      }
    },
    {
      "type": "Feature",
      "properties": {
        "name": "Restaurant 439"
      },
      "geometry": {
        "type": "Point",
        "coordinates": [
          13.4083,
          55.6159
        ]
      }
    },
    {
      "type": "Feature",
      "properties": {
        "name": "Restaurant 440"
      },
      "geometry": {
        "type": "Point",
        "coordinates": [
          13.445,
          55.6233
        ]
      }
    },
    {
      "type": "Feature",
      "properties": {
        "name": "Restaurant 441"
      },
      "geometry": {
        "type": "Point",
        "coordinates": [
          13.3981,
          55.6307
        ]
      }
    },
    {
      "type": "Feature",
      "properties": {
        "name": "Restaurant 442"
      },
      "geometry": {
        "type": "Point",
        "coordinates": [
          13.4563,
          55.6381
        ]
      }
    },
    {
      "type": "Feature",
      "properties": {
        "name": "Restaurant 443"
      },
      "geometry": {
        "type": "Point",
        "coordinates": [
          13.4294,
          55.6455
        ]
      }
    },
    {
      "type": "Feature",
      "properties": {
        "name": "Restaurant 444"
      },
      "geometry": {
        "type": "Point",
        "coordinates": [
          13.4159,
          55.6529
        ]
      }
    },
    {
      "type": "Feature",
      "properties": {
        "name": "Restaurant 445"
      },
      "geometry": {
        "type": "Point",
        "coordinates": [
          13.4028,
          55.6603
        ]
      }
    },
    {
      "type": "Feature",
      "properties": {
        "name": "Restaurant 446"
      },
      "geometry": {
        "type": "Point",
        "coordinates": [
          13.4505,
          55.6677
        ]
      }
    },
    {
      "type": "Feature",
      "properties": {
        "name": "Restaurant 447"
      },
      "geometry": {
        "type": "Point",
        "coordinates": [
          13.4231,
          55.6751
        ]
      }
    },
    {
      "type": "Feature",
      "properties": {
        "name": "Restaurant 448"
      },
      "geometry": {
        "type": "Point",
        "coordinates": [
          13.4136,
          55.6825
        ]
      }
    },
    {
      "type": "Feature",
      "properties": {
        "name": "Restaurant 449"
      },
      "geometry": {
        "type": "Point",
        "coordinates": [
          13.4402,
          55.6899
        ]
      }
    },
    {
      "type": "Feature",
      "properties": {
        "name": "Restaurant 450"
      },
      "geometry": {
        "type": "Point",
        "coordinates": [
          13.3961,
          55.6973
        ]
      }
    },
    {
      "type": "Feature",
      "properties": {
        "name": "Restaurant 451"
      },
      "geometry": {
        "type": "Point",
        "coordinates": [
          13.4596,
          55.7047
        ]
      }
    },
    {
      "type": "Feature",
      "properties": {
        "name": "Restaurant 452"
      },
      "geometry": {
        "type": "Point",
        "coordinates": [
          13.4326,
          55.7121
        ]
      }
    },
    {
      "type": "Feature",
      "properties": {
        "name": "Restaurant 453"
      },
      "geometry": {
        "type": "Point",
        "coordinates": [
          13.421,
          55.7195
        ]
      }
    },
    {
      "type": "Feature",
      "properties": {
        "name": "Restaurant 454"
      },
      "geometry": {
        "type": "Point",
        "coordinates": [
          13.4084,
          55.7269
        ]
      }
    },
    {
      "type": "Feature",
      "properties": {
        "name": "Restaurant 455"
      },
      "geometry": {
        "type": "Point",
        "coordinates": [
          13.4451,
          55.7343
        ]
      }
    },
    {
      "type": "Feature",
      "properties": {
        "name": "Restaurant 456"
      },
      "geometry": {
        "type": "Point",
        "coordinates": [
          13.3982,
          55.7417
        ]
      }
    },
    {
      "type": "Feature",
      "properties": {
        "name": "Restaurant 457"
      },
      "geometry": {
        "type": "Point",
        "coordinates": [
          13.4564,
          55.7491
        ]
      }
    },
    {
      "type": "Feature",
      "properties": {
        "name": "Restaurant 458"
      },
      "geometry": {
        "type": "Point",
        "coordinates": [
          13.4295,
          55.7565
        ]
      }
    },
    {
      "type": "Feature",
      "properties": {
        "name": "Restaurant 459"
      },
      "geometry": {
        "type": "Point",
        "coordinates": [
          13.416,
          55.7639
        ]
      }
    },
    {
      "type": "Feature",
      "properties": {
        "name": "Restaurant 460"
      },
      "geometry": {
        "type": "Point",
        "coordinates": [
          13.4029,
          55.7713
        ]
      }
    },
    {
      "type": "Feature",
      "properties": {
        "name": "Restaurant 461"
      },
      "geometry": {
        "type": "Point",
        "coordinates": [
          13.4506,
          55.7787
        ]
      }
    },
    {
      "type": "Feature",
      "properties": {
        "name": "Restaurant 462"
      },
      "geometry": {
        "type": "Point",
        "coordinates": [
          13.4232,
          55.7861
        ]
      }
    },
    {
      "type": "Feature",
      "properties": {
        "name": "Restaurant 463"
      },
      "geometry": {
        "type": "Point",
        "coordinates": [
          13.4137,
          55.7935
        ]
      }
    },
    {
      "type": "Feature",
      "properties": {
        "name": "Restaurant 464"
      },
      "geometry": {
        "type": "Point",
        "coordinates": [
          13.4403,
          55.8009
        ]
      }
    },
    {
      "type": "Feature",
      "properties": {
        "name": "Restaurant 465"
      },
      "geometry": {
        "type": "Point",
        "coordinates": [
          13.3962,
          55.8083
        ]
      }
    },
    {
      "type": "Feature",
      "properties": {
        "name": "Restaurant 466"
      },
      "geometry": {
        "type": "Point",
        "coordinates": [
          13.4597,
          55.8157
        ]
      }
    },
    {
      "type": "Feature",
      "properties": {
        "name": "Restaurant 467"
      },
      "geometry": {
        "type": "Point",
        "coordinates": [
          13.4327,
          55.8231
        ]
      }
    },
    {
      "type": "Feature",
      "properties": {
        "name": "Restaurant 468"
      },
      "geometry": {
        "type": "Point",
        "coordinates": [
          13.4211,
          55.8305
        ]
      }
    },
    {
      "type": "Feature",
      "properties": {
        "name": "Restaurant 469"
      },
      "geometry": {
        "type": "Point",
        "coordinates": [
          13.4085,
          55.8379
        ]
      }
    },
    {
      "type": "Feature",
      "properties": {
        "name": "Restaurant 470"
      },
      "geometry": {
        "type": "Point",
        "coordinates": [
          13.4452,
          55.8453
        ]
      }
    },
    {
      "type": "Feature",
      "properties": {
        "name": "Restaurant 471"
      },
      "geometry": {
        "type": "Point",
        "coordinates": [
          13.3983,
          55.8527
        ]
      }
    },
    {
      "type": "Feature",
      "properties": {
        "name": "Restaurant 472"
      },
      "geometry": {
        "type": "Point",
        "coordinates": [
          13.4565,
          55.8601
        ]
      }
    },
    {
      "type": "Feature",
      "properties": {
        "name": "Restaurant 473"
      },
      "geometry": {
        "type": "Point",
        "coordinates": [
          13.4296,
          55.8675
        ]
      }
    },
    {
      "type": "Feature",
      "properties": {
        "name": "Restaurant 474"
      },
      "geometry": {
        "type": "Point",
        "coordinates": [
          13.4161,
          55.8749
        ]
      }
    },
    {
      "type": "Feature",
      "properties": {
        "name": "Restaurant 475"
      },
      "geometry": {
        "type": "Point",
        "coordinates": [
          13.403,
          55.8823
        ]
      }
    },
    {
      "type": "Feature",
      "properties": {
        "name": "Restaurant 476"
      },
      "geometry": {
        "type": "Point",
        "coordinates": [
          13.4507,
          55.8897
        ]
      }
    },
    {
      "type": "Feature",
      "properties": {
        "name": "Restaurant 477"
      },
      "geometry": {
        "type": "Point",
        "coordinates": [
          13.4233,
          55.8971
        ]
      }
    },
    {
      "type": "Feature",
      "properties": {
        "name": "Restaurant 478"
      },
      "geometry": {
        "type": "Point",
        "coordinates": [
          13.4138,
          55.9045
        ]
      }
    },
    {
      "type": "Feature",
      "properties": {
        "name": "Restaurant 479"
      },
      "geometry": {
        "type": "Point",
        "coordinates": [
          13.4404,
          55.9119
        ]
      }
    },
    {
      "type": "Feature",
      "properties": {
        "name": "Restaurant 480"
      },
      "geometry": {
        "type": "Point",
        "coordinates": [
          13.3963,
          55.9193
        ]
      }
    },
    {
      "type": "Feature",
      "properties": {
        "name": "Restaurant 481"
      },
      "geometry": {
        "type": "Point",
        "coordinates": [
          13.4598,
          55.9267
        ]
      }
    },
    {
      "type": "Feature",
      "properties": {
        "name": "Restaurant 482"
      },
      "geometry": {
        "type": "Point",
        "coordinates": [
          13.4328,
          55.9341
        ]
      }
    },
    {
      "type": "Feature",
      "properties": {
        "name": "Restaurant 483"
      },
      "geometry": {
        "type": "Point",
        "coordinates": [
          13.4212,
          55.9415
        ]
      }
    },
    {
      "type": "Feature",
      "properties": {
        "name": "Restaurant 484"
      },
      "geometry": {
        "type": "Point",
        "coordinates": [
          13.4086,
          55.9489
        ]
      }
    },
    {
      "type": "Feature",
      "properties": {
        "name": "Restaurant 485"
      },
      "geometry": {
        "type": "Point",
        "coordinates": [
          13.4453,
          55.9563
        ]
      }
    },
    {
      "type": "Feature",
      "properties": {
        "name": "Restaurant 486"
      },
      "geometry": {
        "type": "Point",
        "coordinates": [
          13.3984,
          55.9637
        ]
      }
    },
    {
      "type": "Feature",
      "properties": {
        "name": "Restaurant 487"
      },
      "geometry": {
        "type": "Point",
        "coordinates": [
          13.4566,
          55.9711
        ]
      }
    },
    {
      "type": "Feature",
      "properties": {
        "name": "Restaurant 488"
      },
      "geometry": {
        "type": "Point",
        "coordinates": [
          13.4297,
          55.9785
        ]
      }
    },
    {
      "type": "Feature",
      "properties": {
        "name": "Restaurant 489"
      },
      "geometry": {
        "type": "Point",
        "coordinates": [
          13.4162,
          55.9859
        ]
      }
    },
    {
      "type": "Feature",
      "properties": {
        "name": "Restaurant 490"
      },
      "geometry": {
        "type": "Point",
        "coordinates": [
          13.4031,
          55.9933
        ]
      }
    },
    {
      "type": "Feature",
      "properties": {
        "name": "Restaurant 491"
      },
      "geometry": {
        "type": "Point",
        "coordinates": [
          13.4508,
          56.0007
        ]
      }
    },
    {
      "type": "Feature",
      "properties": {
        "name": "Restaurant 492"
      },
      "geometry": {
        "type": "Point",
        "coordinates": [
          13.4234,
          56.0081
        ]
      }
    },
    {
      "type": "Feature",
      "properties": {
        "name": "Restaurant 493"
      },
      "geometry": {
        "type": "Point",
        "coordinates": [
          13.4139,
          56.0155
        ]
      }
    },
    {
      "type": "Feature",
      "properties": {
        "name": "Restaurant 494"
      },
      "geometry": {
        "type": "Point",
        "coordinates": [
          13.4405,
          56.0229
        ]
      }
    },
    {
      "type": "Feature",
      "properties": {
        "name": "Restaurant 495"
      },
      "geometry": {
        "type": "Point",
        "coordinates": [
          13.3964,
          56.0303
        ]
      }
    },
    {
      "type": "Feature",
      "properties": {
        "name": "Restaurant 496"
      },
      "geometry": {
        "type": "Point",
        "coordinates": [
          13.4599,
          56.0377
        ]
      }
    },
    {
      "type": "Feature",
      "properties": {
        "name": "Restaurant 497"
      },
      "geometry": {
        "type": "Point",
        "coordinates": [
          13.4329,
          56.0451
        ]
      }
    },
    {
      "type": "Feature",
      "properties": {
        "name": "Restaurant 498"
      },
      "geometry": {
        "type": "Point",
        "coordinates": [
          13.4213,
          56.0525
        ]
      }
    },
    {
      "type": "Feature",
      "properties": {
        "name": "Restaurant 499"
      },
      "geometry": {
        "type": "Point",
        "coordinates": [
          13.4087,
          56.0599
        ]
      }
    },
    {
      "type": "Feature",
      "properties": {
        "name": "Restaurant 500"
      },
      "geometry": {
        "type": "Point",
        "coordinates": [
          13.4454,
          56.0673
        ]
      }
    }
  ]
}